chr7	117120141	.	G	C	.	.	.
chr7	117146393	.	T	C	.	.	.
chr7	117187659	.	T	C	.	.	.
chr7	117191819	.	T	C	.	.	.
chr7	117199533	.	G	A	.	.	.
chr7	117206303	.	AC	.	.	.	.
chr7	117207860	.	C	A	.	.	.
chr7	117212723	.	T	C	.	.	.
chr7	117224440	.	G	A	.	.	.
chr7	117229336	.	A	G	.	.	.
chr7	117229537	.	T	A	.	.	.
chr7	117229819	.	A	G	.	.	.
chr7	117233694	.	G	C	.	.	.
chr7	117235886	.	A	G	.	.	.
chr7	117236235	.	G	GC	.	.	.
chr7	117236266	.	T	C	.	.	.
chr7	117258372	.	A	G	.	.	.
chr7	117258529	.	G	A	.	.	.
chr7	117267786	.	T	A	.	.	.
chr7	117287477	.	T	C	.	.	.
