chr22	29999878	.	G	C	.	.	.
chr22	30001447	.	G	A	.	.	.
chr22	30002440	.	T	G	.	.	.
chr22	30002603	.	T	G	.	.	.
chr22	30004929	.	C	T	.	.	.
chr22	30010570	.	A	.	.	.	.
chr22	30011060	.	C	T	.	.	.
chr22	30015315	.	C	T	.	.	.
chr22	30015679	.	C	T	.	.	.
chr22	30016378	.	A	C	.	.	.
chr22	30016466	.	T	C	.	.	.
chr22	30016467	.	T	G	.	.	.
chr22	30016512	.	G	C	.	.	.
chr22	30016515	.	G	C	.	.	.
chr22	30036758	.	G	.	.	.	.
chr22	30036759	.	T	.	.	.	.
chr22	30037109	.	T	C	.	.	.
chr22	30040113	.	T	C	.	.	.
chr22	30040197	.	G	A	.	.	.
chr22	30040400	.	G	A	.	.	.
chr22	30044669	.	A	G	.	.	.
chr22	30045727	.	G	T	.	.	.
chr22	30048182	.	G	A	.	.	.
chr22	30048571	.	T	C	.	.	.
chr22	30052094	.	G	A	.	.	.
chr22	30053118	.	G	A	.	.	.
chr22	30062375	.	A	G	.	.	.
chr22	30062966	.	C	CA	.	.	.
chr22	30063226	.	T	.	.	.	.
chr22	30063550	.	G	T	.	.	.
chr22	30064073	.	A	AGT	.	.	.
chr22	30064117	.	C	T	.	.	.
chr22	30065813	.	T	C	.	.	.
chr22	30067246	.	G	A	.	.	.
chr22	30067250	.	C	T	.	.	.
chr22	30068570	.	G	T	.	.	.
chr22	30068631	.	T	A	.	.	.
chr22	30068851	.	T	C	.	.	.
chr22	30071803	.	G	GAC	.	.	.
chr22	30073490	.	A	.	.	.	.
chr22	30073569	.	C	A	.	.	.
chr22	30073573	.	GG	.	.	.	.
chr22	30073681	.	T	C	.	.	.
chr22	30074776	.	G	T	.	.	.
chr22	30074804	.	A	G	.	.	.
chr22	30076398	.	C	T	.	.	.
chr22	30077361	.	G	A	.	.	.
chr22	30079748	.	C	T	.	.	.
chr22	30082569	.	A	G	.	.	.
chr22	30088183	.	C	T	.	.	.
chr22	30093259	.	C	G	.	.	.
chr22	30093667	.	T	C	.	.	.
