,0,1,2,3,4,5,6,7,8,9
R_AACTCAAGAAAACGTAACTAAATCGAAGTAAAGT,121,119,116,107,106,104,101,100,97,94
R_AACTCAAGAAAACGTAACTAAATCGAAGTAATGT,224,214,173,168,118,100,96,81,58,48
R_AACTCAAGAAAACGTAACTAAATCGATGTAAAGT,228,218,121,101,64,61,49,44,4,4
R_AACTCAAGAAAACGTAACTAAATCGAAGTATAGT,210,207,117,114,62,53,26,6,4,4
R_TACTCAAGAAAACGTAACTAAATCGAAGTAAAGT,197,162,110,108,76,71,42,33,6,4
R_AACTCAAGAAAACGTAACTAAATCGAAGTATGGT,233,208,147,61,41,33,20,6,6,4
R_AACTCAAGAAAACGTAACTAAATCGTAGTAAAGT,183,131,126,116,88,40,18,5,5,5
R_AACTCTAGAAAACGTAACTAAATCGAAGTACAGT,354,167,127,8,8,3,3,3,3,2
R_AACTCAAGAATACGTAGCTAAATCGAAGTAATGT,260,140,84,66,51,8,4,4,4,3
R_AACTCAAGAATACGTAACTAAATCGAAGTAAAGT,265,136,129,47,36,7,5,4,4,3
R_AACTCAAGAAAACGTAACTAAATCGAAGTAGAGT,201,160,147,97,5,5,4,3,3,3
R_TACTCAAGAATACGTTACTAAATCGTAGTAAAGT,215,182,110,45,5,5,3,3,3,2
R_AACTCAAGAATACGTTACTAAATCGAAGTATTGT,197,188,149,4,4,3,3,3,2,2
R_AACTCAAGAAATCGTAACTAAATCGTAGTAAAGT,275,180,75,4,4,3,3,3,3,3
R_AACTCAAGAAATCGTAACTAAATCGAAGTAAAGT,187,123,119,87,4,4,4,3,2,2
R_AACTCAAGAAAACGTATCTAAATCGAAGTAAGGT,145,103,97,63,45,5,3,3,3,2
R_TACTCTAGAAAACGTAACTAAATCGAAGTAATGT,274,206,6,6,5,4,4,3,3,3
R_TACTCTAGAAAACGTAACTAAATCGATGTAAGGT,347,148,4,4,3,3,3,2,2,2
R_AACTCAAGAACTCGTAACTAATTCGCTGTACAGT,449,4,4,4,3,3,3,3,3,3
R_AACTCAAGAATACGTAACTAAATCGTAGTAAAGT,177,169,82,6,5,4,4,2,2,2
R_AACTCAAGAAAACGTAACTAAATCGACGTATAGT,277,159,4,4,3,3,3,3,3,3
R_ATCTCAAGAAAACGTAACTAAATCGAAGTAAAGT,163,77,77,39,20,12,5,4,4,4
R_AACTCAAGAAGTCGTAGCTACATCGTAGTATTGT,405,9,5,5,4,4,4,4,3,3
F_AACGAATACTGTATGAAACGACCTGAATCACTTC,449,6,4,4,3,3,3,3,2,2
F_GTCGAGCACTGCATGTTACGGGCTGTTTCAATTC,271,155,4,4,4,3,3,3,3,2
R_GTCTCCCGAATACGTAGCTACTTCGGCGTACGGT,381,8,7,6,5,4,4,4,3,3
R_AACTCAAGAAAACGTAACTAAATCGAAGTACTGT,269,121,48,4,3,3,3,3,3,2
R_TTCTCGCGAAGCCGTGTCTACATCGCTGTACCGT,431,11,6,5,4,4,3,3,3,3
R_AACTCAAGAAAACGTTACTAAATCGTAGTAAGGT,215,117,84,4,4,4,3,3,2,2
R_AACTCTTGAAGACGTAACTAAATCGTAGTAATGT,234,180,4,4,3,3,3,3,3,3
R_TGCTCGGGAACACGTTGCTAGCTCGCAGTACGGT,382,7,5,5,4,4,4,3,2,2
R_TACTCTAGAACACGTAACTAAGTCGCAGTAGTGT,432,6,5,4,4,3,3,3,3,2
R_CCCTCACGAAGCCGTGCCTATTTCGCGGTATCGT,358,6,6,5,4,4,4,3,3,3
R_TTCTCCGAAGGCGTAACTAGGTCGTTGTACCGTG,414,13,5,4,3,3,3,3,2,2
F_CCCGACGACTGGATGGGACGTTCTGGGTCATATC,405,7,6,5,3,3,3,2,2,2
R_CTCTCTCGAACTCGTGGCTATGTCGGCGTAAGGT,398,11,5,4,4,3,3,2,2,2
R_GGCTCGCGAAACCGTGGCTACATCGCGTACTGTG,375,10,8,7,4,4,3,3,3,3
R_AACTCAAGAAAACGTAACTAATTCGAAGTACAGT,177,118,117,4,3,3,2,2,2,2
F_CTCGAGCACTTAATGTGACGTGCTGGCTCACGCG,432,9,4,4,2,2,2,2,2,2
R_GCCTCCTGAATTCGTGTCTAGGTCGGCGTAGTGT,386,5,5,5,4,4,3,3,3,3
R_CTCTCTTGAAGCCGTACCTAGTTCTCGTAGTGTG,403,7,7,4,4,3,3,3,2,2
R_ATCTCAAAAAACGTTTCTAACTCGTGGTAGAGTG,374,9,7,6,3,3,3,3,2,2
R_TCCTCGTGAACGCGTTCCTATCTCGGCGTATGGT,357,18,8,8,3,3,3,2,2,2
F_CCCGACGACTGCATGGGACGCTCTGCGTCATCTC,414,6,4,4,4,3,2,2,2,2
F_TCCGATTATTATGCTACGACCTGGGTCAACTCGG,431,6,4,3,3,2,2,2,2,1
R_CTCTCTAGAAGGCGTCGCTATCTGCCGTATTGTG,388,5,4,4,4,3,2,2,2,2
R_CTCTCAGGAAAGCGTGGCTAACTCGCTGTACGGT,419,8,6,3,3,3,2,2,2,2
R_GGCTCGTGAACGCGTATCTACCTCGCCGTATGGT,336,9,7,5,3,3,3,2,2,2
R_ATCTCAAGAAGACGTTACTATATCGCAGTAATGT,385,7,5,5,4,3,3,3,2,2
F_GGCGATAACTGGATGGTACGGCCTGCCTCATCTC,385,6,5,4,3,3,2,2,2,2
R_AACTCAAGAAAACGTACCTAACTCGAAGTAAAGT,263,131,4,3,3,2,2,2,2,2
F_CACGACTACTGAATGCGACGTCCTGGATCACGTC,403,4,4,3,3,3,2,2,2,2
R_ATCTCTCGAACGCGTGCCTAAATCGCTGTATGGT,375,9,7,6,4,3,2,2,2,2
R_GGCTCTGGAAGCCGTTGCTATGTCGGTGTAGTGT,385,6,3,3,2,2,2,2,2,2
R_TCCTCCTGAACGCGTGTCTAGATCGTCGTACGGT,387,4,4,3,3,3,3,3,3,3
F_TACGAAAACTAAATGCAACGGCCTGCGTCATTTC,398,4,4,4,4,4,4,3,3,3
R_TACTCTCGAACCCGTGGCTATTTCGCTGTACCGT,377,4,4,3,2,2,2,2,2,2
F_CGCGACTACTTGATGCGACGCCCTGGGTCATTTC,419,4,4,3,3,3,3,2,2,2
F_GACGAACACTGTATGCTACGCGCTGGTTCACCTC,398,4,4,3,2,2,2,2,2,2
F_GCCGATTACTTCATGGGACGTCCTGTCTCAAGTC,388,4,3,3,3,3,3,2,2,2
R_CTCTCGTGAAGGCGTCGCTATCTCGGCGTAACGT,370,13,4,3,3,3,2,2,2,2
F_GTCGATCACTTGATGCTACGCACTGTTTCATCTC,363,5,5,4,4,3,3,2,2,2
R_CTCTCACGAACGCGTCGCTATCTCGCTGTAGCGT,398,8,5,3,3,3,2,2,2,2
F_TTCGACTACTCGATGACACGACCTGGTTCATTCG,370,6,6,5,5,3,3,3,3,3
R_TACTCTCGAACTCGTACCTATTTCGCTGTAGTGT,339,12,12,7,5,4,3,2,2,2
R_AACTCAAGAAAACGTATCTAAATCGTAGTAAAGT,268,109,4,4,3,3,2,2,2,2
R_AACTCTTGAAAACGTTACTAATTCGAAGTAATGT,173,167,10,4,4,3,2,2,2,2
F_TTCGACCACTTCATGCGACGTTCTGTTTCACGTC,382,5,3,3,3,2,2,2,2,2
R_GCCTCACGAAGGCGTCGCTAGTTCGTTGTATCGT,355,5,5,5,5,4,3,2,2,2
R_AACTCTTGAACGCGTGGCTAGTTCGTCGTAGGGT,341,9,6,4,4,4,4,3,2,2
F_GGCGATTACTCTATGACGTTCTGTTTCATCTCGG,358,7,5,3,3,2,2,2,2,2
R_AACTCAAGAAATCGTTACTATTTCGAAGTAAAGT,363,5,5,5,5,4,4,3,3,2
R_TGCTCTCGGAACACGTGGCTATCCGATGTAATGT,329,8,7,5,4,4,4,3,3,3
R_CCCTCTCGAATTCGTCTCATCTGTGGTACCCTAG,345,5,4,3,3,3,3,3,3,2
F_TACGACGACTCATATGGTACGCTCTGGGTCACAT,375,8,4,3,3,2,2,2,2,2
R_GGCTCTGGAACTCGTTGCTAATTCGTCGTGGTGG,336,6,6,6,6,5,4,3,3,3
R_AACTCAAGAAAACGTTACTAAATCGTAGTAAAGT,314,34,5,4,4,3,2,2,2,2
R_CGCTCCCGAAGACGTTGCTAGCTCGGTGTAGAGT,345,5,5,4,4,3,3,2,2,2
F_TCCGAGGACTGTATGCCACGGCCTGTTTCACGTC,374,5,5,4,4,3,2,2,2,2
F_GCCGAGAACTGCATGCAACGCGCTGACTCATATC,386,7,4,3,3,2,2,2,2,2
R_TGCTCTTGAAGCCGTGGCTAGGTCGGGGTAGGTG,347,10,10,3,3,3,3,3,3,2
R_TTCTCTAGAATACGTCACTAAATCGGAGTAAAGT,346,7,4,3,3,3,3,3,3,2
R_GATCTCTTGAAGTCGTGTCTACTTCGCGTATAGT,343,9,5,5,4,3,2,2,2,2
R_TGCTCTCGAAACCGTCTCTAGTTTGTCCGTGGTA,348,4,4,4,3,3,3,3,3,3
R_GGCTCTAGAAGACGTCACTACTTCGACGTAGCGT,343,6,4,4,4,3,3,3,2,2
R_CGCTCGGGAATCCGTGCCTACGTCGTTGTACCGT,378,6,6,4,4,4,2,2,2,2
R_AGCTCTGGAACGCGTACTACTTCGTCGTACGGTG,336,6,5,3,3,3,3,3,3,2
R_CTCTCCGGAATCCGTCGCTATCTCGTTGTACGGT,334,7,7,5,5,3,3,3,3,2
R_CTCTCGCGAAGGCGTGCCTATTTCGTCGTACCGT,338,5,4,4,3,3,3,2,2,2
R_AACTCAAGAAAACGTAACTATATCGCAGTAAAGT,158,132,61,4,4,3,3,2,2,2
R_GCCTCGCGAATTCGTCGCTACTTCGACGTAATGT,356,11,4,3,3,3,2,2,2,2
F_GTCGAGGACTCCATGACACGTGCTGTCTCAGGTC,357,6,4,4,4,4,3,3,3,3
F_TGCGACGACTTCATGTCACGCTCTGTTTCAGATC,381,9,4,3,3,2,2,2,2,2
R_TCCTCGCGAAGCCGTGGCTAACTCGCGGTAGAGT,351,8,6,4,4,3,3,3,2,2
R_AACTCAAGAAAACGTAACTAAATCGATGTACAGT,207,136,3,3,3,3,2,2,2,2
R_AACTCAGCGAACGCGTTCCTACCTCGGTGTAGCG,360,9,5,5,3,3,3,3,3,2
R_GCCTCCCGAAGCCGTGTCTACCTCGCTGTACGGT,356,6,3,3,3,2,2,2,2,2
R_GGCTCCCGAAGTCGTCTCTACTTCGATGTACGGT,351,8,4,3,3,3,3,2,2,2
R_GCCTCTGGAAGGCGTCGCTACGTCGGCGTACGTG,316,5,4,4,3,3,3,3,3,2
R_GACTCTTGAAGGCGTTTCTACCTCGCCGTAATGT,342,7,6,5,4,3,3,2,2,2
F_CGCGAAGACTACATGCCACGCGCTGGATCAGTTC,385,6,3,3,2,2,2,2,2,2
R_TTCTCCCGAACTCGTCTCTATCTCGTCGTAGGGT,358,5,4,3,3,3,3,2,2,2
R_GCCTCCGGAAGACGTTCCTATGTCGCCGTAACGT,373,10,5,3,2,2,2,2,2,2
R_AACTCAAGAAAACGTAACTAAATCGAAGTAAGGT,187,102,38,7,5,3,2,2,2,2
F_TCCGACTACTCGATGGCACGTCCTGCCTCATGTC,387,7,4,3,2,2,2,2,2,2
R_CCCTCCAGAAGGCGTGGCTATTTCGGGGTAGGGT,341,5,4,4,4,3,3,2,2,2
F_TGCGAGAACTCGATGAAACGGTCTGGATCACCTC,209,143,4,3,3,3,3,2,2,2
R_GACTCGCGAAGCCGTACCTACGTCGTCGTACAGT,360,9,4,4,3,3,3,3,3,2
R_CTCTCCCGAAAGCGTGGCTACGTCGTTGTACGGT,363,8,8,5,4,2,2,2,2,2
R_TGCTCCGGAACTCGTCGCTAGTTCGACGTACTGG,352,11,6,5,3,3,2,2,2,2
R_TGCTCCCGAACGCGTGCCTATATCGCGATAGTGG,325,7,6,5,3,3,3,3,3,3
R_GGCTCCCGAACCCGTTCCTAGATCGGTGTATGGT,343,7,6,3,3,3,2,2,2,2
R_TCCTCTGGAATACGTGGCTATCTCGGCGTAGCGT,353,4,3,3,3,2,2,2,2,2
R_AACTCTAGAAAACGTAACTAAATCGAAGTAAAGT,146,91,56,28,8,6,5,4,3,3
R_GCCTCGGGAAAGCGTTTCTACGTCGGGGTAAAGT,344,6,6,5,5,4,4,3,3,2
R_ATCTCCCGAATACGTTGCTACCTCGTCGTACTGT,336,7,7,5,3,3,3,2,2,2
R_GACTCTAGAACCCGTCACTAACTCGGCGTACGGT,335,7,6,5,3,3,3,3,2,2
F_CTCGACGACTGAATGCCACGCTCTGATTCATCTC,360,4,4,3,3,3,2,2,2,2
R_TTCTCCCGAAGTCGTTGCTAATTCGCTGTAGCGT,321,5,3,3,2,2,2,2,2,2
R_GCCTCTGGAAAACGTACCTAGATCGTCGTAAGTG,352,5,5,4,4,4,3,3,3,3
R_TTCTCGGGAAAACGTTCCTATTTCGTTGTTGGTG,347,14,7,4,3,2,2,2,2,2
F_CCCGAACACTTAATGTTACGGCCTGCCTCAGATC,342,5,4,4,3,3,2,2,2,2
F_CCCGAAGACTGGATGCGACGGACTGGCTCATGTC,311,9,5,4,4,3,3,2,2,2
F_ACCGACCACTTTATGTTACGCGCTGGGTCATCTC,338,5,4,4,3,3,2,2,2,2
R_GACTCCCGAAGGCGTTTCTAGCTCGCGGTAGCGT,304,10,6,6,5,5,4,4,2,2
R_TTCTCAAGAAATCGTTACTATATCGACGTACGGT,311,10,6,5,3,3,3,2,2,2
F_CTCGATCACTGTATGCGACGATCTGTTTCACTTC,377,3,3,3,2,2,2,2,2,2
R_TCCTCGCAATTCGTTCCTATTTCGCAGTACAGTG,300,11,4,4,3,3,3,3,2,2
R_CTCTCCTGAACCATGATCGTGGTACCCTAGCTCT,349,7,7,5,5,3,3,2,2,2
F_GACGATCACTGGATGTGACGTCCTGGGTCAGATC,351,7,4,4,4,3,3,3,2,2
R_CGCTCCAGAAGCCGTTGCTACGTCGCCGTACTGT,342,6,4,4,4,4,3,2,2,2
R_GTCTCCGGAACGCGTCGCTACTTCGCTGTATGGT,342,6,4,4,4,4,3,3,3,2
R_GTCTCTCGAAGTCGTACCTACGTCGCGGTAACTG,344,4,4,3,3,3,2,2,2,2
R_AGCTCGTGAACACGTGGTATCTCGATGTACGGTG,338,8,7,6,5,4,3,3,3,3
F_TCCGATGACTTTATGGGACGACCTGGCTCAGCTC,344,6,5,5,5,4,3,3,2,2
R_CTCTCCTGAATCCGTTTCTACTTCGCTGTAGTGT,348,5,5,4,4,4,2,2,2,2
R_TACTCGTGAAGACGTTGCTACGTCGGTGTATTGT,330,3,3,3,2,2,2,2,2,2
R_CCCTCGCGAAGCCGTGGCTACATCGCTGTAACGT,331,4,4,4,3,3,3,3,3,2
R_GGCTCCCGAATGCGTGCCTACTTCGGGGTAGAGG,327,11,4,3,2,2,2,2,2,2
F_ATCGATGACTTTATGTAACGCGCTGCTTCAAATC,345,7,5,4,3,3,3,3,3,3
R_GCCTCACGAACACGTGGCTACGTCGGCGTACTGT,334,5,3,3,3,3,2,2,2,2
F_TGCGAAAACTCTATGCCACGGGCTGGCTCACGTC,356,4,3,3,3,2,2,2,2,2
F_CTCCGATCACTTGATGGCACGTGCTGTTTCACAT,358,4,4,3,3,3,2,2,2,2
F_GGCGAGCACTAAATGACACGTTCTGGTTCATGTC,355,4,4,3,3,2,2,2,2,2
F_TACGAGGACTTCATGGGACGGTCTGCATCACATC,373,4,3,3,2,2,2,2,2,2
R_TTCTCGTGAACCCGTATCTATCTCGGAGTACGGT,338,8,6,4,3,3,3,2,2,2
R_ATCTCAAGAATACGTAACTATATCGAAGTAATGT,293,40,6,4,3,3,3,3,3,2
R_GACTCTGGAATACGTCGCTACGTCGTTGTAACGT,340,8,4,4,3,3,3,2,2,2
F_GTCGAACACTGTATGCGACGGGCTGGCTCATTTC,338,14,6,4,3,3,2,2,2,2
F_TCCGAGTACTCTATGAAACGTCCTGCGTCACGTC,346,6,4,3,3,2,2,2,2,2
R_ATCTCAAGAAAACGTACCTAAATCGATGTAAAGT,219,110,6,5,5,3,3,2,2,2
R_GTCTCCGGAACCCGTCCCTATGTCGCTGTAGTGT,324,5,4,4,3,3,2,2,2,1
R_AGCTCTAGAATCCGTTCCATGTCGGTGTTCGTGG,323,9,3,3,3,3,2,2,2,2
R_CGCTCGGGAAGCCATATCTACGTCGTCTACGTGG,340,8,5,5,4,3,2,2,2,2
F_CCCGAAGACTGCATGCGACGACCTGTCCTCAGTT,343,3,3,3,3,3,2,2,2,2
R_GTCTCGCGAACCCGTTGCTACATCGTCGTAGCGT,329,4,4,3,3,3,3,2,2,2
R_TACTCTAGAAAACGTAACTAAATCGAAGTAAAGT,193,135,4,3,3,3,2,2,2,2
R_CCCTCCGGAACTCGTGTCTACTTCGCTGTATTGT,324,10,6,4,3,2,2,2,2,2
F_CGCGAGTACTTAATGCGACGTCCTGGGTCAGGTC,349,5,5,3,3,3,2,2,2,2
F_TCCGAAAACTCGATGGTACGAACTGGCTCACGTC,329,5,4,3,3,3,3,2,2,2
R_CGCTCTTGAAGGCGTTCCTACGTCGCCGTATGGT,322,12,7,5,4,3,3,3,2,2
R_TCCTCTGGAACTCGTGCCTACCTCGTTGTAAGGT,349,6,4,3,3,3,3,2,2,2
R_CGCTCCTGAACGCGTACCTACGTCGTGGTAAGGT,330,5,4,3,3,3,3,2,2,2
F_GTCGAGGACTTTATGTCACGCGCTGCGTCACCTC,363,10,2,2,2,2,2,2,2,2
R_AACTCAAGAAAACGTAACTAAATCGAAGTAACGT,202,86,38,6,4,4,2,2,2,2
R_AACTCAAGAAAACGTCACTAAATCGAGGTACCGT,329,4,4,3,3,3,2,2,2,2
F_TACGAAAACTGTATGTTACGTGCTGTCTCAGTTC,338,5,3,3,2,2,2,2,2,2
F_TGCGACTACTGTATGGGACGAGCTGCGTCACGTC,375,3,2,2,2,2,2,2,2,2
R_AGCTCTGGAAGTCGTGGCTAGATCGATGTATGGT,330,5,5,4,4,3,2,2,2,2
R_AACTCAAGAACACGTAACTAGATCGAAGTAAAGT,254,94,4,4,3,3,3,2,2,2
R_ATCTCAAGAATACGTAACTAATTCGACGTATTGT,313,6,6,5,4,3,3,2,2,2
F_GGCGACCACTGGATGATACGGGCTGTTTCACCTC,339,4,4,3,2,2,2,2,2,2
R_CTCTCCCGAAGTCGTTCCTAGTTCGTCGTATGGT,301,7,6,3,3,3,3,2,2,2
F_TTCGACGACTGTATGCCACGGACTGTCTCACTTC,347,5,3,3,3,3,2,2,2,2
R_AACTCGGGAATACGTATCTAATTCGAAGTAAAGT,331,9,7,5,4,4,3,3,2,2
F_ATCGAAGACTTGATGCGACGGTCTGCCTCAACTC,341,6,5,3,3,3,3,3,2,2
F_GTCGAGCACTGCATGCAACGAGCTGCGTCACTTC,331,6,3,3,3,3,2,2,2,2
R_CCCTCCGGAACGCGTTCCTAGATCGGTGTACTGT,331,8,3,3,3,2,2,2,2,2
R_GACTCAAGAAAACGTAACTAAATCGAGGTATAGT,342,9,4,4,3,3,2,2,2,2
R_CTCTCGGGAACCCGTTCCTAGTTCGGCGTACTGT,337,4,3,2,2,2,2,2,2,2
R_CTCTCTGGAATTCGTTACTACCTCGATGTACCGT,310,10,9,4,4,3,2,2,2,2
F_TACGATCACTTCATGCTACGGCCTGAGTCATCTC,344,5,3,2,2,2,2,2,2,1
R_GCCTCTTGAACTCGTCGCTACGTCGGTGTATGGT,329,6,5,4,4,3,3,3,3,2
F_CACGAACACTCAGATGAAACGTACTGATTCATTT,345,3,3,2,2,2,2,2,2,2
R_AACTCTAGAAAACGTAACTAAATCGAAGTAATGT,94,87,56,47,17,7,3,3,3,2
R_CGCTCCTGAATGCGTCACTACTTCGGCGTATCGT,332,10,9,4,3,2,2,2,2,2
F_GGCGATCACTACATGGTACGTCCTGCTTCAGTTC,351,3,3,3,2,2,2,2,2,2
R_TTCTCGCGAATTCGTCTCTATCTCGTTGTACCGT,175,162,5,3,3,3,2,2,2,2
R_TTCTCTCGAAGCCGTTGCTATTTCGAGGTATGGT,309,8,4,3,3,3,3,3,2,2
R_AACTCAAGAAAACGTAACTAAATCGCAGTACAGT,199,135,8,4,3,3,2,2,2,2
R_TTCTCCCGAAGTCGTCTCTACTTCGCCGTACCGT,270,6,4,4,4,3,2,2,2,2
F_AGCGACGACTTAATGGCACGGGCTGAGTCAACTC,328,4,3,3,3,3,3,2,2,2
R_TGCTCTTGAACCCGTCGCTAGTTCGATGTACTGT,342,4,3,3,2,2,2,2,2,2
F_CGCGACGACTCCATGTTACGGGCTGCTTATCTCG,354,5,4,3,3,3,3,3,3,2
F_CTCGATGACTTGATGCGACGCGCTGTGTCAACTC,378,3,2,2,2,2,2,2,2,1
R_AACTCAAGAACCCGTTACTAATTCGTCGTAACGT,320,12,6,5,3,3,3,2,2,2
F_CTCGATCACTCAATGTAACGCGCTGCCTCATATC,342,3,3,3,3,2,2,2,2,2
R_TGCTCCTGAATCCGTAGCTAGTTCGATTAACGTG,323,5,5,4,3,3,3,2,2,2
F_GTCGAAGACTCTATGCGACGGGCTGCGTCAGGTC,352,4,3,3,3,2,2,2,2,1
R_CTCTCGCGAAAACGTCTCTATCTCGTGGTAATGT,316,7,5,5,5,4,3,3,3,2
F_GGCGACAACTTCATGGCACGGCCTGTCTCATATC,336,5,4,4,4,2,2,2,2,2
F_CCCGACGACTCGATGGCACGCGCTGGTTCAACTC,347,7,4,4,2,2,2,2,2,2
R_GTCTCCTGAACGCGTTACTACTTCGACGTATAGT,328,8,5,4,3,3,3,2,2,1
R_TCCTCGCGAATGCGTCCCTAGCTCGTGGTATAGT,311,9,6,4,3,3,3,2,2,2
R_GGCTCCCGAAACCGTAGCTAGTTCGTCGTAATGT,306,6,5,4,3,2,2,2,2,2
F_GACGATCACTTGATGGAACGGGCTGTCTCAGCTC,347,5,4,3,3,3,2,2,2,2
F_TACGACTATGGTACGTTCTGATTCAACTCGGTAC,225,123,3,2,2,2,2,2,2,1
R_GCCTCTTGAACGCGTAGCTACTTCGTTGTAGCGT,304,10,6,5,5,3,2,2,2,2
F_GTCGAGGACTCTATGTTACGTGCTGAGTCACCTC,308,6,5,3,3,3,3,3,2,2
R_GCCTCCGGAATACGTGTCTATATCGTAGTACGTG,298,8,6,4,4,4,3,3,3,3
F_TACGAGAACTGTATGGTACGGTCTGACTCACTTC,341,8,4,4,2,2,2,2,2,2
R_AACTCAAGAAAGCGTACCTAAATCGAAGTACTGT,320,12,4,4,4,4,2,2,2,2
R_TCCTCCCGAATTCGTGTCTAGTTCGCAGTACCGT,327,13,4,3,2,2,2,2,2,2
R_TTCTCGCGAAGGCGTGTCTATGTCGTCGTAGCGT,333,5,4,3,2,2,2,2,2,2
R_TCTCTGGAAACTCGCTAACTCGTCGTACTGTGGT,341,7,4,2,2,2,2,2,2,2
R_GCCTCTGGAAACCGTGACTACTTCGGCGTATAGT,317,10,4,3,3,2,2,2,2,2
R_GGCTCCCGAAGGCGTCTCTACCTCGTCGTACGGT,312,5,5,4,4,3,3,3,3,2
R_AACTCAGGAAGGCGTCTCTAGATCGGTGTAATGT,328,8,6,5,4,3,3,3,2,2
F_GACGAGTACTCCATGCCACGGTCTGAATCAGCTC,336,5,3,3,2,2,2,2,2,2
R_CGCTCTTGAACGCGTTGGCTACCTCGCCGTTCGT,311,4,4,4,4,3,3,3,2,2
R_CGCTCCAGAACGCGTCGCTACTTCGATGTATTGT,329,6,5,5,3,3,3,2,2,2
R_TTCTCCCGAATCCGTTTCTATGTCGCCGTACGGT,327,4,4,4,4,3,3,3,3,2
R_CTCTCTCGAAGGCGTTCCTAGTTCGCGTAGAGTG,312,10,6,3,3,2,2,2,2,2
F_CACGAACACTCAATGCGACGGGCTGTTTCAGATC,343,10,6,4,3,2,2,2,2,2
R_TTCTCCCGAAATCGTACCTATTTCGAAGTATTGT,300,13,4,4,4,4,3,3,2,2
R_TTCTCTCGAACACGTAACTACTTCGCCGTATGGT,337,10,6,5,4,4,3,3,2,2
R_CCCTCCGGAAGTCGTATCTACATCGGCGTACAGT,297,6,4,4,4,4,3,3,3,2
R_AACTCAAGAAAACGTAACTATATCGAAGTAAGGT,161,138,23,5,3,3,2,2,2,2
R_GTCTCCGGAAGTCGTACCTATATCGGGTACGGTG,331,11,4,2,2,2,2,2,2,1
R_CCCTCCGAATTCGTTACTACTGTGGTACCCTAGC,357,3,3,3,3,3,2,2,1,1
F_GCCGAGAACTTGATGGTACGGTCTGGTTCAGTTC,336,5,4,3,2,2,2,2,2,2
F_TGCGATAACTGGATGGAACGTGCTGCCTCCGTCG,288,18,10,4,4,3,3,2,2,2
R_AACTCAAGAATACGTTACTAATTCGAAGTAAAGT,176,161,4,3,2,2,2,2,2,2
R_TTCTCGTGAATGCGTTCCTACCTCGTGGTATCGT,317,6,3,3,3,2,2,2,2,2
R_TCCTCCCAACCGTGTTATGTGGGTACGGGGTACC,331,5,4,4,4,3,3,3,3,2
F_AGCGACTACTGCATGGAACGGTCTGACTCAGCTC,312,3,3,2,2,2,2,2,1,1
F_CCCGATAACTCAATGCGACGATCTGGCTCATGTC,357,4,3,3,3,3,2,2,1,1
R_TCCTCTAGAATACGTAACTATCTCGAAGTAACGT,316,5,4,4,3,3,3,2,2,2
R_TCCTCCATGAATCCGTTTTACTTCGCCGTATGGT,249,11,5,3,3,3,3,3,3,2
R_GTCTCGGGAATACGTTCCTATCTCGACGTATGGT,339,7,4,4,3,2,2,2,2,2
R_GCCTCCGGAATACGTCCCTATCTCGCTGTACCGT,316,7,6,5,4,2,2,2,2,2
R_CTCTCCCGAATCCGTATCTACTTCGCCGTACGGT,301,8,6,5,5,5,4,3,3,2
R_GACTCTTGAAGTCGTGGCTAGCTCGAAGTATCGT,308,9,5,5,4,3,3,3,2,2
F_TTCGATGACTTCATGTTACGGTCTGCGTCAGCTC,337,3,3,3,3,2,2,2,2,2
R_TTCTCTGGAAGGCATCGCTATCTCGCGGTACGGT,281,6,6,5,4,3,3,3,3,3
R_GACTCAAGAAAACGTATCTAAATCGCAGTAAAGT,187,135,3,3,2,2,2,2,2,2
R_TTCTCTAGAACACGTTGCTATATCGTAGTATGGT,314,7,6,4,4,3,3,3,3,2
F_GACGACCACTTCATGCGACGCACTGCCTCACTTC,337,6,4,4,3,2,2,2,2,2
F_TGCGATGACTGGATGTCACGCGCTGGATCAGTTC,336,3,3,3,3,3,3,2,2,2
R_TCCTCGCGAACGCGTGTCTAGATCGTAGTACTGT,323,7,6,5,3,3,3,2,2,2
R_ACCTCGGGAATCCGTGGCTAATTCGCTGTATGGT,332,6,6,5,3,3,2,2,2,2
R_GTCTCGCGACTTTCTACCTCGCGGTACCGTGGTA,317,9,7,4,4,3,3,1,1,1
R_ACCTCGCGAATGCGTATCTACATCGTAGTACTGT,330,8,7,4,4,3,3,2,2,2
F_CACGAGTACTTGATGCCACGACCTGGGTCAGATC,315,7,3,3,3,2,2,2,2,2
F_CGCGAGTACTAAATGTCACGGTCTGTCTCAACTC,330,3,3,2,2,2,2,2,2,2
R_CGCTCTCGAATCCGTGCCTACCTCGCAGTATTGT,297,5,4,4,3,3,3,3,2,2
R_TACTCTTGAAATCGTTTCTATATCGCAGTACAGT,312,7,6,5,5,3,2,2,2,2
R_TCCTCTGGAAGCCGTGTCTAGTTCGTTGTATCGT,294,5,5,4,4,3,3,2,2,2
R_TGCTCTTGAATTCGTGCCTAGTTCGTCGTACTGT,316,7,6,3,3,2,2,2,2,2
R_ATCTCTCGAACTCGTCGCTAGGTCGGCGTATCGT,321,9,7,3,3,3,2,2,2,2
F_CACGACTACTGTATGCCACGGTCTGCTTCAGGTC,349,3,3,2,2,2,2,2,2,2
R_AACTCTAGAAAACGTTTCTACATCGCAGTAGAGT,333,4,3,3,3,2,2,2,2,2
R_CTCTCTTGAACACGTTCCTAGGTCGTCGTATCGT,335,6,4,3,3,2,2,2,2,2
F_CGCGATGACTTAATGCCATCTCAGATCGGTACCG,330,7,5,3,3,3,2,2,2,2
F_CCCGGCCACTTCATGCTACGTACTGTGTCAATTG,316,4,3,3,2,2,2,2,2,2
R_GCCTCCAGAACTCGTCGCTACTTCCTGTATAGTG,330,5,4,4,3,3,2,2,2,2
R_CTCTCTGGAATACGTGGCTAGATCGCTGTACCGT,304,9,7,4,3,3,3,3,3,2
F_TGCGAGTACTTCATGGAACGGACTGCTTCACCTC,324,5,5,4,3,3,2,2,2,2
R_AACTCAAGAAAACGTACCTAAATCGAAGTAATGT,173,144,7,3,3,3,2,2,2,2
F_GTCGAACACTCCATGCCACGCTCTGCATCACATC,335,7,3,3,3,3,2,2,2,2
F_CTCGATCACTAAATGGTACGCACTGGGTCATTTC,360,4,3,3,3,2,2,2,1,1
R_GTCTCCCGAAGGCGTGTCTAGCTGTCGTACCGTG,303,6,5,4,3,3,3,3,2,2
R_AACTCTAGAATGCGTTCCTAAATCGATGTAGGGT,318,5,4,4,3,2,2,2,2,2
F_CTCGAGTACTTGATGATACGCACTGGCTCACCTC,319,5,5,4,4,2,2,2,2,2
F_GACGACGACTATATGATACGCGCTGACTCAGGTC,302,6,3,3,3,3,3,3,2,2
R_TGCTCCTGAATACGTTTCTAGGTCGCCGTACGGT,325,4,4,4,4,3,3,2,2,2
F_TACGACGACTCGATGACACGGGCTTCAAGTCGGT,352,9,2,2,2,2,2,2,1,1
R_GGCTCGGGAACCCGTACCTACGTCGTTGTACGGT,322,6,5,4,3,3,3,2,2,2
F_ATCGATCACTGGATGGGACGACCGGCGTCATTTC,348,4,3,3,2,2,2,2,2,2
R_ATCTCTGGAATTCGTCTCTATCTCGCGGTATGGT,319,6,3,3,2,2,2,2,1,1
R_AACTCAAGAAATCGTGACTAAATCGAAGTACAGT,161,160,3,3,2,2,2,2,2,1
F_TCCGATCACTGAATGCTACGCTCTGTCTCATGTC,356,2,2,2,2,2,1,1,1,1
R_TGCTCTTGAATTCGTCTCTATCTCGTCGTATCGT,292,8,5,4,4,3,2,2,2,2
R_GGCTCCCGAATGCGTGGCTACCTCGCTGTAGCGT,318,5,3,3,3,3,2,2,2,2
F_CTCGACAACTGGATGCGACGGCCTGAATCATTTC,319,5,3,3,3,2,2,2,2,2
R_TTCTCTCGAATACGTGCCTAGGTCGCTGTAACGT,302,7,6,4,3,3,2,2,2,2
F_TTCGATTACTACATGTGACGTTCTGCCTCACTTC,353,4,4,3,3,2,2,2,2,2
R_CTCTCACGAAGTCGTATCTACATCGCCGTACGGT,309,5,4,4,3,3,2,2,2,2
F_GTCGAGCACTTTATGTCACGGTCTGTTTCATCTC,314,4,4,3,3,3,3,2,2,2
R_ATCTCCGGAACGTCTCTAGTTCTTGTAGGTGGTA,320,8,4,4,2,2,2,2,2,2
F_TGCGATTACTCAATGCTACGCACTGGCTCAACTC,321,4,3,3,3,3,3,2,2,2
R_AGCTCGCGAAGGCGTCTCTAGTTCGTCGTAGTGT,315,5,5,4,3,3,2,2,2,2
R_ATCTCGAGAATTCGTAGCTAACTCGCCGTAATGT,291,7,4,4,3,3,2,2,2,2
F_CTCGACGACTCTATGGGACGCTCTGGTTCAGTTC,182,149,2,2,2,2,2,2,2,1
F_GGCGAGCACTTTATGCCACGAGCTGCATCATCTC,317,5,4,4,4,3,2,2,2,2
F_TCCGATCACTGCATGCGACGTCCTGGGTCATCTC,331,6,4,3,3,2,2,2,2,1
F_CTCGATGACTGCATGTACTGTCTCAGCTCGGTAC,325,3,3,3,2,2,2,2,2,2
F_TTCGATCACTCAATGCTACGTACTGTATCACTCG,306,4,3,3,3,3,3,2,2,2
R_CCCTCTGGAAGCCGTTCCTATCTCGTCGTAGTGT,315,10,9,5,4,3,2,2,2,2
F_CGCGAGCACTGTATGTGACGGGCTGACTCACCTC,278,5,4,3,3,3,3,2,2,2
F_ATCGATCACTGGATGGGACGCTCTGTCTCAGGTC,328,3,3,3,3,2,2,2,2,2
F_ACCGAGTACTATATGCAACGACCTGGCTCACTTC,329,5,4,4,3,3,2,2,2,2
R_ACCTCCGGAATACGTTTCTACTTCGGTGTACCGT,290,6,6,5,4,3,2,2,2,2
F_TGCGAACACTCTATGCTACGGGCTGAGTCAGCTC,322,7,5,5,4,3,3,2,2,2
F_TACGATTACTGTATGGCACGCCCTGGTTCACATC,327,5,4,3,3,3,3,3,2,2
R_GCCTCGGGAAGCCGTGGCTAAGTCGCCGTACGTG,296,10,8,5,3,3,2,2,2,2
F_CTCGAGCACTTTATGACACGTTCTGGATCATGTC,302,5,3,3,3,3,3,2,2,2
R_AACTCAGGAAAACGTAACTAACTCGCGGTATGTG,306,6,5,4,4,3,3,3,2,2
F_TCCGATCACTGGATGGGACGCTCTGGGTCATTTC,323,4,3,3,3,3,3,2,2,2
R_CTCTCCTGAATTCGTCTCTACCTCGTCGTACAGT,329,8,4,3,3,2,2,2,2,1
F_ACCGATCACTGGATGTCACGTACTGCTTCACCTC,335,4,3,3,3,3,2,2,2,2
F_CTCGAGGACTGCATGGTACGCACTGCCTCACTCG,339,4,4,4,4,3,3,2,2,2
R_AACTCTAGAATACGTAACTAAATCGGGGTACCGT,295,8,7,5,5,4,4,3,3,2
F_TTCGAGAACTGGCATGGGACGTTCTGCTTCATTT,316,3,3,3,3,3,2,2,2,2
R_CTCTCAAGAAGCCGTTGCTATGTCGTTGTATAGT,306,4,4,3,3,2,2,2,2,2
F_CTCGAGCACTGTATGTCACGTTCTGGCTCAGGTC,327,3,3,2,2,2,2,2,2,2
R_CCCTCAGGAACCCGTTTCTACTTCGTCGTATTGT,212,11,8,7,5,3,3,3,3,3
R_TCCTCTCGAATTCGTCTCTACTTCGGCGTATCGT,308,5,4,3,3,2,2,2,2,2
R_GCCTCTAGAACACGTGGCCTACTTCGACGTAACG,325,4,3,3,3,3,2,2,2,2
R_CTCTCTGGAATTCGTCTCTATATCGGGGTACTTG,302,22,6,3,3,3,2,2,2,2
R_CTCTCCTGAAGTCGTATCTACTTCGTGTACCGTG,306,4,4,3,3,3,2,2,2,2
F_GTCGATTACTTTATGCGACGGTCTGTCTCAAGTC,340,7,6,3,3,2,2,2,2,2
R_TGCTCTCGAACGCGTTTCTAAGTCGAAGTAATGT,312,5,4,3,3,3,3,2,2,2
F_TACGATTACTCCATGCCACGGCCTGCTTCACGTC,324,3,3,3,3,3,3,2,2,1
F_TGCGATGACTCCATGTAACGCTCTGTTATTTCGG,348,5,3,2,2,2,2,2,2,1
R_ATCTCAAGAAAACGTACCTATATCGTAGTAATGT,214,92,4,4,3,3,3,2,2,2
R_GGCTCGGGAACTCGTGTCTATTTCGTCGTATCGT,315,5,5,4,3,3,2,2,2,2
R_GGCTCTTGAACCCGTTCCTACATCGTCGTATCGT,315,6,6,4,3,3,2,2,2,2
R_GCCTCGTGAACCCGTTACTACCTCGAGGTATAGT,297,15,7,4,3,3,3,2,2,2
F_ATCGACCACTCTATGGGACGGCCTGACTCATGTC,325,7,5,4,3,3,2,2,2,2
R_AACTCAAGAAAACGTAACTAATTCGAAGTAAAGT,142,131,20,17,5,4,3,2,2,2
F_TGCGAAAACTATATGTCACGAACTGAATCAATTC,334,4,2,2,2,2,2,2,2,2
R_CCCTCTCGAAGGCGTTACTACTTCGCGGTACTGT,288,6,4,4,3,3,3,3,3,2
R_GTCTCTGGAACCGTTGCTATTTCGTGTATGGTGG,291,7,7,5,5,3,3,2,2,2
R_CTCTCTAGAATCCGTGGCTAGGTCGGCGTATGTG,281,10,6,4,4,3,3,3,2,2
R_CGCTCTGGAACACGTTTCTAATTCGTCGTATGGT,290,6,3,3,3,3,2,2,2,2
R_CGCTCTGGAAACCGTCCCTAGGTCGTTGTAAGGT,328,6,4,4,3,2,2,1,1,1
R_TTCTCAGGAATACGTCCCTAGGTCGGCGTACCGG,313,10,4,3,3,3,3,2,2,2
R_GTCTCCCGAAGGTGTGGCTATTTCGCGGTATTGT,319,4,4,3,3,3,3,3,2,2
R_ATCTCAAGAAAACGTTACTAATTCGATGTATAGT,298,7,7,4,4,3,2,2,2,2
R_TTCTCGCGAAGCCGTTCCTATATCGCCGTATGTG,291,5,5,4,3,3,3,3,2,2
F_TCACGACGACTTCATGTTACGGGCTGGGTCATGT,323,8,4,2,2,2,2,2,2,2
R_ACCTCGGGAACCCGTGTCTACCTCGCCGTATCGT,240,42,9,8,4,4,3,3,2,2
R_GTCTCCGGAACGCGTCACTAGCTCGACGTATCGT,293,5,5,4,4,2,2,2,2,2
R_CGCTCCGGAAGACGTGCCTAGTTCGTCGTATCGT,287,4,3,3,3,2,2,2,2,2
F_CACGATGACTTGATGGGACGTGCTGTATCACCTC,330,6,4,3,2,2,2,2,2,1
R_CGCTCGGGAACGCGTGTCTATATCGTTGTAATGT,278,7,5,4,3,3,3,3,2,2
R_GCCTCGGGAATCCGTTTCTAAGTCGCAGTAGTGT,273,9,7,5,5,3,3,3,2,2
R_AACTCAGGAAAACGTAACTAGATCGCAGTAGAGT,324,4,4,3,3,3,3,2,2,2
R_ACCTCCCGAATGCGTGTCTAGATCGTCGTACGTG,310,7,6,4,4,4,3,3,2,2
R_GCCTCAGGAAGAGTACCTAGATCGTTGTAAAGTG,305,5,4,4,4,3,2,2,2,2
F_TGCGACGACTCTATGCCACGGTCTGCGTCACTTC,342,4,3,2,2,2,2,2,1,1
F_CGCGAGGACTCTATGCCACGAACTGTGTCAGATC,294,4,4,3,3,3,3,2,2,2
R_CCGCTCCGGAAGTCGTGTCTACTTCGCGGTAATG,275,9,7,6,4,3,3,3,2,2
R_GGCTCCAGAATTCGTCCTACGTCGTGGTACTGTG,291,8,6,5,3,2,2,2,2,2
R_TACTCCGGAATGCGTCACTATTTCGTTGTAGCGT,264,6,5,5,4,4,4,2,2,2
R_AACTCGAGAACGCGTGTCTATGTCGCTGTAACGT,321,5,5,3,3,3,3,2,2,2
R_GCCTCCTGAAGGCGTTTCTAGTTCGCAGTACAGT,301,7,7,5,5,4,3,3,2,2
R_CGCTCTTGAATCCGTCGCTACATCGGTGTAGCGT,323,6,3,2,2,2,2,2,2,1
R_CTCTCCCGAAAGCGTGCCTAGGTCGTTGTATTGT,313,4,3,3,2,2,2,2,2,2
F_GGCGACAACTTGATGCGACGGGCTGTCCACTTCG,342,3,3,3,3,3,2,2,2,2
F_TTCGACTACTGGATGTGACGGCCTGACTCAGTTC,315,3,3,3,3,3,2,2,2,2
R_TGCTCTCGAAGCCGTTGCTATGTCGCTGTATTGT,288,5,5,4,4,3,3,2,2,2
R_TCCTCTAGAAGACGTGGCTATTTCGAAGTAGCGT,297,5,4,3,3,2,2,2,2,2
F_CGCGAATACTTTATGGCACGGCCTGAATCATGTC,305,4,3,3,2,2,2,2,2,2
R_GTCTCACGAAGTCGTTCCTATTTCGTTGTACCGT,322,6,3,3,2,2,2,2,2,2
F_CCCGATGACTCGATGGCACGGGCTGCCTCAACTC,325,3,3,3,3,2,2,2,2,2
R_GCCTCTGGAAGTCGTTTCTAACTCGGGGTAGAGT,300,4,4,3,3,3,2,2,2,2
R_TCCTCCCGAAAACGTGCCTACCTCGCCGTAGTGT,265,9,6,5,3,2,2,2,2,2
R_TGCTCTCGAACCCGTATCAGTTCGGCGTATGGTG,278,6,5,3,3,3,2,2,2,2
R_AACTCGCGAAGACGTTCCTACGTCGGAGTAATGT,323,6,4,4,3,3,3,2,2,2
F_AACGAACACTAAATGACACGAACTGGATCAGCTC,310,4,4,3,3,3,2,2,2,2
F_TACGACGACTTTATGCAACGTGCTGGCTCACCTC,269,5,4,3,3,3,3,3,2,2
F_TCCGAGCACTCCATGCGACGAGCTGGTTCAGATC,313,3,3,3,3,2,2,2,2,2
R_CGCTCCTGAATACGTTTCTAATTCGATGTATGGT,310,6,5,5,3,3,3,2,2,2
F_GTCGAGGACTCTATGGCACGGACTGCTTCATTTC,315,3,3,3,3,2,2,2,2,2
F_CGCGATAACTATATGCAACGTACTGCGTCACCTC,333,5,4,3,3,2,2,2,2,2
R_CCCTCCTGAAGTCGTTCCTACTTCGCTGTAACGT,328,4,4,3,3,3,2,2,2,1
R_GCCTCCGGAAGGCGTGTCTATCTCGTTGTATCGT,231,64,6,5,4,3,3,3,2,2
R_GTCTCCTGAATTCGTACCTATCTCGTCGTATGGT,310,7,4,3,3,2,2,2,2,2
R_CGCTCCCGAATTCGTGTCTAATTCGCGGTACCGT,288,6,5,4,3,3,3,3,2,2
F_CCCGATGACTTGATGGGACGGCCTGCGTCAGTTC,305,7,3,3,3,2,2,2,2,1
R_CCCTCGGGAAGTCTTTTCTAGTTCGTCGTAGCGT,310,7,7,5,3,2,2,2,2,2
F_TCCGATCACTGTATGCTACGCCCTGTTTCATTTC,341,8,3,2,2,2,2,2,1,1
R_GGCTCGCGAAGTCGTTGCTAGCTCGTTGTATGGT,281,16,8,6,5,3,2,2,2,2
R_TCCTCTCGAACTCGTTCCTAATTCGTGGTATTGT,295,3,2,2,2,2,2,2,2,2
F_CGCGACGACTGGATGCCACGTGCTGCTTCATGTC,307,4,3,2,2,2,2,2,1,1
F_TGCGACTACTATATGCTACGTCCTGTGTCAAATC,342,4,3,3,3,3,2,2,2,2
F_TCCGACAACTAAATGTGACGATCTGGTTCAATTC,317,5,4,4,3,2,2,2,2,2
F_CGCGATTACTTGATGGGACGCTCTGCCTCACCTC,305,5,5,3,2,2,2,2,2,2
F_TTCGATTACTTTATGAAACGTGCTGTGTCAGCTC,340,4,3,3,2,2,2,2,2,2
F_TATCGATTACTACATGGGACGGACTGTATCATTT,321,5,4,3,2,2,2,2,2,2
F_CTCGATGACTGTATGGTACGCACTGTCTCATTTC,316,5,5,3,2,2,2,2,2,2
R_TCCTCCGGAAACCGTTTCTACGTCGGTGTACGGT,135,112,55,5,4,2,2,2,2,2
R_GTCTCCGGAACTCGTTCCTAGATCGCGGTACTGT,293,5,5,3,3,2,2,2,2,2
F_TTCGAACACTAAATGAAACGGACTGTGTCAGCTC,322,3,3,2,2,2,2,2,2,1
R_AACGCGTTGCTACCTCGCTGTACCGTGGTACCCT,299,5,3,3,3,2,2,2,2,2
R_CGCTCGCGAACTCGTTCCTATATCGTCGTACTGT,308,6,6,4,3,3,3,2,2,2
R_GCCTCCTGAATTCGTCGCTATCTCGCCGTAGCGT,140,130,5,4,3,3,3,3,2,2
R_TACTCTCGAAACGTAACTAAATCGATGTAATGTG,296,7,6,4,3,3,3,2,2,2
F_CTCGACGACTCGATGCCACGTTCTGCCTCATTTC,329,4,3,3,2,2,2,2,2,2
R_CGCTCCGGAACTCGTTTCTAGTTCGCTGTAAAGT,304,5,4,3,3,3,3,3,2,2
R_GTCTCTTGAATTCGTGTCTAGCTCGCGGTAACGT,301,7,4,3,3,3,3,2,2,2
R_TGCTCTCGAATCCGTCTCTACTTCGGTGTATCGT,298,7,4,4,4,3,3,3,3,3
R_TACTCCAGAACGCGTTTCTAGCTCGTCGTACGGT,317,6,5,4,3,3,2,2,2,2
R_ATCTCCTGAACTCGTGCCTACTTCGTTGTAGTGT,284,8,7,5,5,5,4,4,4,4
F_ATCGAGGACTGCATGGAACGCGCTGGCTCATTTC,328,4,3,3,3,3,3,3,2,1
F_CCCGAAAACTGCATGGGACGCGCTGGCTCATATC,323,4,3,3,3,2,2,2,2,2
F_GGCGAGCACTTCATGTCACGGCCTGGGTCATTTC,334,5,4,2,2,2,2,2,1,1
F_CGCGAGCACTGGATGTAACGGACTGCGTCATTTC,301,5,3,3,2,2,2,2,2,2
F_GCCGATCACTCTATGTTACGGCCTGTATCATCTC,315,7,4,3,3,3,2,2,2,2
F_TGCGAGCACTTCATGCTACGCGCTGCATCACTCG,333,5,3,3,2,2,2,2,2,2
R_TTCTCGGGAACTCGTGTCTACCTCGCCGTATCGT,287,5,4,4,4,3,3,3,2,2
R_CCCTCGAGAAAGCGTCTCTACGTCGTTGTATCTG,311,7,4,4,3,2,2,2,2,2
R_ATCTCCTGAAGTCGTAGCTATCTCGGGGTATTGT,288,7,4,3,3,3,2,2,2,2
R_GACTCTAGAAGGCGTACCTAGCTCGTTGTAGTGT,296,5,4,4,4,4,3,3,2,2
R_CGCTCTCGAAGGCGTCCCTAGCTCGACGTACTGT,325,6,5,2,2,2,2,1,1,1
F_GGCGAATACTCGATGCTACGTTCTGGTTCATTTC,312,5,4,4,3,3,3,3,3,2
R_AACTCAAGAAAACGTCTCTAATTCGGTGTAAAGT,325,8,4,4,4,3,3,3,2,2
R_ATCTCAAGAAGACGTAACTAAATCGAAGTAAAGT,134,103,75,3,2,2,2,2,2,2
R_GACTCTCGAAGCCGTTGCTAGTTCGTTGTAGTGG,296,4,4,3,3,2,2,2,2,2
F_TCCGATCACTGCATGTCACGTTCTGCGTCACTTC,331,5,4,3,3,2,2,2,2,2
R_TCCTCCGGAAGGCGTTGCTATCTCGCTGTAGTGT,289,9,7,5,3,3,2,2,2,2
R_TCCTCCGGAATCCGTTGCTACCTCGGCGTACGGT,306,8,7,4,4,3,3,2,2,2
R_CGCTCTTGAAATCGTGGCTACTTCGTGGTACCGT,304,7,5,4,3,3,2,2,2,2
R_GCCTCCGGAATGCGTCCCTACGTCGCCGTAGGGT,284,4,4,3,3,3,2,2,2,2
F_TACGATCACTCAATGGGACGGCCTGACTCATGTC,167,155,3,3,2,2,2,2,2,2
R_CCCTCCCGAAACCGTTCCTACTTCGCCGTACCGT,298,7,6,5,3,3,3,2,2,2
F_CTCGAGGACTAAATGCTACGTGCTGGGTCACCTC,295,6,3,3,3,2,2,2,2,2
R_TACTCTCGAACGCGTATAAATCGATGTATGGTGG,321,5,4,4,4,3,2,1,1,1
R_GGCTCCTGAAGACGTAGCTATATCGGCGTATCGT,297,6,4,4,3,3,3,2,2,2
R_AACTCAAAAAACGTATCTAATTCGTAGTATCGTG,265,7,6,5,3,3,3,3,2,2
R_CTCTCGTGAACTCGTTTCTACTTCGTCGTAGCGT,316,6,5,3,3,3,2,2,2,2
F_TGCGATCACTGAATGGAACGTTCTGTGTCAGTTC,302,4,4,4,4,3,3,2,2,2
R_CCCTCCCGAACTCGTGTCTATTTCGGCGTACGGT,294,9,6,4,3,3,2,2,2,2
R_TCCTCTTGAACGCGTTCCTAGTTCGTCGTATGGT,307,5,3,3,3,2,2,2,2,2
F_GCCGAATACTCCATGCCACGGACTGCATCACGTC,331,4,4,4,2,2,2,2,1,1
R_GACTCAAGAATCCGTGTCTACTTCGTCGTAGAGT,321,6,4,4,3,3,3,2,2,2
R_TACTCTTGAAGGCGTCGCTACGCGCTGTACGTGG,281,5,5,3,3,3,3,3,2,2
F_GCCGAATACTCTATGCCACGGCCTGGGTCATCTC,332,5,5,4,3,3,2,2,2,2
R_GCCTCTTGAAGTCGCTCTATGTCGAAGTACTGTG,308,4,3,3,2,2,2,2,1,1
F_GGCGACCACTGAATGCGACGCCCTGATTCATTTC,309,3,3,2,2,2,2,2,2,2
F_GCCGAAGACTCCATGTTACGAGCTGCGTCATGTC,329,3,3,3,3,2,2,2,1,1
R_ATCTCTTGAATCGTACCTATCTCGCCGTATTGTG,303,6,5,4,4,3,3,3,2,2
R_CGCTCCTGAACCCGTACCTACTTCGCTGTATGGT,306,4,4,3,2,2,2,2,2,2
R_GTCTCGCGAAGTCGTCTCTAATTCGTCGTAACGT,260,8,6,4,4,4,3,2,2,2
R_CCCTCTAGAATACGTCCCTATTTCGATGTACCGT,305,8,5,4,3,3,2,1,1,1
F_GGCGACCACTTCATGCTACGCACTGTCTCAGCTC,330,5,4,3,3,3,2,2,2,1
R_GCCTCTCGAAACGTGCCTACCTCGTCGTACTGTG,294,5,5,4,3,3,3,3,2,2
R_TCCTCGCGAATGCGTGACTATCTCGCCGTAATGT,305,6,6,4,4,3,3,2,2,2
F_TTCGAGCACTTCATGGCACGGTCTGTATCACCTC,313,3,2,2,2,2,2,2,1,1
R_CGCTCACGAAGGCGTTCCTAGTTCGCCGTACCGT,303,6,4,4,3,3,2,2,2,2
F_CGCGAACACTAGATGCCGACGTTCTGTGTCAATT,343,6,3,2,2,2,2,2,2,1
R_ACTCGTGAAAGCGTCTCTAATTCGGCGTAAGGTG,310,6,5,4,4,4,3,3,3,3
R_GTCTCCTAATCCGTTTCTAATTCGTCGTACTGTG,322,4,3,3,2,2,2,2,2,1
R_TACTCAAGAAAACGTAACTAAATCGAAGTACAGT,160,126,4,4,4,3,2,2,2,2
R_CACTCCTGAAAACGTCGCTATATCGGGGTAGTGG,303,7,4,4,4,3,3,2,2,2
R_TCCTCCTGAATGCGTTGCTAGTTCGTTGTACTGT,295,6,4,3,3,3,3,2,2,2
F_GGCGATGACTTTATGCACGTCCTGGGTCATGTCG,306,6,4,3,3,2,2,2,2,2
F_GACGAGGACTTCATGGTACGGACTGCCTCACTTC,285,4,3,3,2,2,2,2,2,1
F_GGCGACCACTTTATGAGACGTTCTGGTTCATTCG,322,6,3,3,3,3,3,2,2,2
R_TCCTCGTGAAGTCGTCACTAATTCGTTGTATCGT,307,12,4,4,4,3,2,2,2,2
R_TTCTCCGGAACTCCGTGACTATTTCGTCGTACCG,313,10,7,4,2,2,2,2,2,2
R_TCCTCCGGAACTCGTTACTATTTCGGCGTACCGT,288,6,4,4,3,2,2,2,2,2
F_TACGATGACTCCATGGGACGCCCTGCTTCACGTC,309,4,3,3,3,3,3,2,2,2
R_CTCTCGGGAACTCGTGTCTAACTCGCTGTACCGT,289,11,8,4,3,3,3,3,2,2
R_GCCTCTTGAACTCGTCCCTAGGTCGTTGTATCGT,301,5,4,4,3,2,2,2,2,2
F_GACGAGGACTGCATGATACGCTCTGCCTCAGGTC,332,6,3,3,2,2,2,2,2,2
R_GTCTCCGGAACACGTCGCTAAGTTCGTCGTACGG,303,11,7,3,2,2,2,2,2,2
F_CTCGACTACTGGATGTAACGTGCTGCGTCAGGTC,323,3,3,2,2,2,2,2,2,2
F_GCCGTGCGACGGTCTGGTTCAACTCGGTACCGAG,296,5,3,3,3,2,2,2,2,2
R_TTCTCAGGAAGCCGTTACTAAATCGACGTATTGT,291,5,4,4,3,2,2,2,2,2
R_ATCTCTGGAATTCGTTTCTAATTCGTGTACCGTG,258,8,4,4,4,4,4,3,3,3
R_CTCTCGCGAAATCGTTGCTATGTCGATGTACCGT,287,7,4,3,3,2,2,2,2,2
R_TACTCCCGAAGGCGTCCCTATCTCGTGGTATCGT,295,8,5,5,3,3,2,2,2,2
R_TTCTCAAGAACTCGTATCTACATCGAAGTACGTG,277,10,8,4,4,4,3,3,3,2
R_GGCTCCTGAAGTCGTAACTACCTCGTGGTATCGT,281,7,4,3,3,3,3,2,2,2
R_GTCTCCTGAATTCGTGACTATCTCGGGGTATGGT,294,7,6,4,3,2,2,2,2,2
R_CGCTCTTGAAGTCGTTCCTAATTCGGTGTATGGT,288,7,5,5,3,3,3,3,2,2
F_CGCGACTACTCTATGTGACGTGCTGATTCAGTTC,304,2,2,2,2,2,2,2,2,2
R_TCCTCGGGAATACGTTGCTATGTCGCTGTATGGT,294,6,3,3,2,2,2,2,2,2
F_CGCGACGACTCGATGTAACGCCCTGATTCAGTCG,301,3,2,2,2,2,2,2,2,1
R_GGCTCCTGAAGCCGTGTCTATTTCGGTGTATCGT,287,6,6,4,3,3,2,2,2,2
F_GGCGACGACTGTATGGCACGCTCTGGCTCATGTC,302,12,4,4,3,3,3,2,2,2
R_TCCTCCGGAATCCGTTGCTATGTCGTCGTATAGT,173,112,5,3,3,2,2,2,2,2
R_CTCCCGAAACGTTGCTACCTCGTGTAAGGTGGTA,331,7,3,3,3,3,2,2,2,1
F_CGCGAAGACTCCATGAAACGTCCTGCGTCACATC,325,3,3,3,3,2,2,2,2,2
F_CCCGAGGACTAGATGGCACGGGCTGACTCACCTC,308,4,3,3,2,2,2,2,2,2
R_CACTCCAGAAGCCGTTGCTACTTCGGAGTACGGT,285,5,4,4,3,3,2,2,2,2
F_CGCGAGTACTCAATGGTACGGACTGAATCAGTTC,288,4,4,3,3,3,2,2,2,2
F_GGCGATAACTCCATGCTACGGTCTGGCTCAGATC,310,3,3,2,2,2,2,2,1,1
F_GGCGATAACTGCATGTGACGCTCTGGGTCAAATC,282,3,3,3,3,2,2,2,2,2
F_GACGAGTACTCGATGCAACGAGCTGGGTCACCTC,276,5,4,4,3,3,3,3,2,2
F_CACGATCACTGAATGCAACGTTCTGTGTCAGTTC,297,6,4,4,3,2,2,2,2,2
F_TACGACGACTGTATGGGACGTGCTGTCTCATTTC,291,5,4,3,2,2,2,2,2,2
R_GCCTCTTGAAGTCGTGGCTACTTCGCTGTACCGT,232,68,3,3,3,2,2,2,2,2
F_TACGACTACTACATGTGACGATCTGGGTCATCTC,215,135,3,3,2,2,2,2,2,2
R_TACTCCGGAAGCGTCACTATCTCGCGGTACGGTG,269,17,9,5,3,3,3,3,2,2
R_CCCTCAGGAACCCGTTACTATTTCGTTGTAGAGT,281,4,4,4,4,3,3,3,2,2
R_CTCTCCAGAATTCGTCCCTATCTCGTTGTAGCGT,299,5,5,3,3,3,3,3,2,2
F_TCCGAAGACTGTATGGCACGCTCTGGGTCATTTC,311,4,4,3,3,3,2,2,2,2
F_CTCGAATACTTAATGGGACGCTCTGCGTCATTTC,322,4,4,3,3,2,2,1,1,1
R_CTCTCCGGAAGTCGTCACCGTGGTACCCTAGCTC,291,3,3,3,3,2,2,2,2,2
R_GGCTCGCGAAGTCGTCCCTAGCTCGACGTATCGT,290,6,4,3,2,2,2,2,2,2
F_GGCGACAACTTTATGTTACGGACTGCCTCAATTC,312,6,4,4,3,3,3,2,2,2
F_GTCGATGACTCTATGGCACGTGCTGCTTCAGCTC,329,4,3,2,2,2,2,1,1,1
R_GCGCTCTGGAACGCGTGCCTACATCGCGGTATGG,291,4,3,3,3,3,3,3,2,2
F_CGCGAAAACTACATGGGACGAACTGCGTCAGCTC,331,4,3,2,2,2,2,2,2,2
R_GGCTCTAGAAACCGTTTCTATATCGCCGTATCGT,252,5,4,4,3,3,2,2,2,2
F_AGCGACTACTATATGCGACGCGCTGCCTCAGATC,302,4,3,2,2,2,2,2,2,2
R_GGCTCCTGAACCCGTCCCTACTTCGTCGTAATGT,307,6,3,3,3,2,2,2,2,2
F_TTCGAGCACTAAATGTTACGATCTGATTCAGCTC,307,5,4,3,3,2,2,2,2,2
F_TACGACGACTCCATGTAACGATCTGCCTCAATTC,292,3,3,2,2,2,2,2,2,2
R_GACTCGAGAAGACGTCTCTATTTCGCGTACTGTG,304,7,3,3,3,2,2,2,2,2
R_CACTCTCGAAACCGTCTCTAATTCGCTGTAGGGT,296,5,3,3,3,3,2,2,2,2
R_TGCTCCCGAATGCGTGTCTAGTTCGTCGTATCGT,181,110,6,4,2,2,2,2,2,2
R_CCCTCCGAACACGTCTCTATCTCGCGGTAGTGTG,322,8,3,2,2,2,2,2,2,2
R_GGCTCAGAAATCGTCCCTATGTCGCTGTACTGTG,291,6,6,4,2,2,2,2,1,1
R_TCGTGACTATTTCGTCTATTGTGGTACCCTAGCT,305,6,5,5,3,3,3,2,2,2
R_GCCTCAAGAATTCGTCCCTAGATCGGAGTATGGT,300,5,4,3,3,3,3,2,2,2
R_CACTCAAGAAAACGTATCTATATCGAAGTAAAGT,181,140,5,3,2,2,2,2,2,2
R_TTCTCCTGAACGCGTCCCTACTTCGCTGTACTGT,285,4,4,3,3,2,2,2,2,2
F_GCCGAGCACTCGATGAGACGTCCTGGATCAGATC,321,3,3,2,2,2,2,2,2,1
F_GCCGAAGACTCGATGCGACGCACTGATTCATTTC,291,4,4,2,2,2,2,2,2,2
F_GCCGATTACTCAATGAGACGCGCTGCGTCAGTTC,312,4,4,2,2,2,2,2,2,2
R_AACTCTAGAAAACGTTACTAAATCGAAGTATGGT,212,97,8,3,3,2,2,2,2,2
F_CACGATCACTTCATGCGACGATCTGGTTCAGGTC,304,5,4,3,3,2,2,2,2,2
R_TTCTCTGGAATTCGTTCCCTAACTCGACGTAACG,270,4,3,3,3,3,3,3,3,3
R_GGTCTCTTGAATTCGTCGCTAGCTCGGCGTATGT,297,6,4,2,2,2,2,2,2,2
F_CTCGACTACTCAATGGCACGGCCTGGATCAGGTC,314,4,4,3,3,2,2,2,2,2
R_TACTCTTGAACGCGTGCCTATATCGTCGTAGCGT,281,4,4,3,3,2,2,2,2,2
R_AACTCAAGAATACGTATCTATGTCGAAGTAACGT,147,88,60,2,2,2,2,1,1,1
R_CTCTCCGGAAATCGTTACTAGATCGGTGTAAAGT,293,5,4,4,3,2,2,2,2,1
R_TCCTCTGGAACGCGTGTCTATTTCGGCGTATCGT,287,5,3,3,3,2,2,2,2,2
R_ACCTCTTGAAATCGTATCTACGTCGTTGTAGAGT,254,6,5,5,5,3,3,2,2,2
F_TCCGACCACTGTATGCTACGTGCTGTGTCAGTTC,306,6,4,3,3,3,2,2,2,2
R_GGCTCCCGAAAGCGTTGCTATCTCGCTGTATAGT,302,5,5,4,3,2,2,2,2,2
R_GCCTCGGGAATGCGTGACTAGCTCGCGGTTGGGT,305,4,3,3,3,2,2,2,2,2
R_AACTCAAGAAAACGTAGCTAAATCGAAGTAAAGT,124,99,58,4,2,2,2,2,2,2
F_GGCGAGTACTGGATGGCACGTGCTGTTCACATCG,317,5,2,2,2,2,2,2,1,1
R_TCCTCGGGAAGGCGTGCCTACCTCGTCGTATCGT,274,28,4,4,3,3,2,2,2,2
F_CTCGAGGACTCAATGTAACGTGCTGGCTCATGTC,294,8,5,4,3,2,2,2,2,2
F_GACGATCACTCCATGCGACGTCCTGTTTCATGTC,310,3,2,2,2,2,2,2,2,2
R_TCCCACGAACTCTTGCTATTTCGACGTACCGTGG,309,6,5,3,3,3,2,2,2,2
F_GCCGAACACTGGATTCTGTGTCAGGTCGGTACCG,308,6,3,3,2,2,2,2,2,2
F_TCCGATTACTACATGGTACGTTCTGGGTCACTTC,294,3,3,2,2,2,2,2,2,2
R_TGCTCCGGAACACGTTGCTATATCGTGTACTGTG,303,7,4,4,3,3,2,2,2,2
R_GGCTCTGGAAATCGTAGCTAGATCGTGTACTGTG,290,5,4,2,2,2,2,2,2,2
F_GCCGAGTACTTTATGTAACGTTCTGCCTCAGCTC,307,4,3,3,2,2,2,2,2,1
R_CTCTCTGGAAGACGTTTCTATTTCGCCGTAGGGT,281,6,6,4,3,3,3,2,2,2
R_AACTCAGGAAAGCGTAGCTAGCTCGTCGTAATGT,295,4,4,4,3,2,2,1,1,1
R_CCCTCCCGAAGGCGTGTCTAAATGCGGTACGGTG,277,5,4,3,3,3,2,2,2,2
F_GCCGAGGACTTCATGGTACGCACTGGGTCACTTC,316,6,3,2,2,2,2,2,2,1
R_TTCTCCTGAATCCGTGGCTATCTCGCCGTATTGT,285,5,3,3,3,2,2,2,2,2
F_GCCGAGCACTTAATGAAACGGACTGAATCAACTC,327,4,3,2,2,2,2,2,2,1
F_TTCGATGACTTCATGGCACGGACTGTTTCATGTC,292,4,4,3,3,2,2,2,2,2
R_TTCTCGGGAAGGCGTCTCTACTTCGGTGTAACGT,273,7,4,4,4,4,3,3,2,2
F_CTCGATTACTTCATGTTACGGCCTGCGTCAGTCG,306,5,4,3,3,3,2,2,2,2
F_TGCGTTCACTCAATGATACGGACTGGTTCACTTC,311,4,3,3,3,3,3,2,2,2
R_CTCTCTTGAATTCGTCTCTAGCTCGCGGTATCGT,309,7,6,5,4,3,2,2,2,2
R_AGCTCCGGAATTCGTTGCTACATCGTAGTACAGT,299,5,5,4,4,2,2,2,2,2
F_TTCGAGTACTGAATGGCACGGACTGCTTCAGATC,324,5,5,3,2,2,2,2,2,2
R_TGCTCTCGAAGTCGTGGCTACGTCTCGTAGCGTG,274,6,5,4,4,3,3,2,2,2
R_GCCTCCTGAATTCGTGGCTATATCGCAGTAAGGT,291,7,5,4,4,4,3,3,3,2
F_GCCGATGACTTGATGCAACGCTCTGGGTCATCTC,296,4,3,3,2,2,2,2,2,2
R_TCCTCTGGAAATCGTGTCTAGGTCGGCGTAGCGT,286,6,5,5,3,3,3,3,2,2
R_TACTCTTGAATACGTAACTAGATCGTTGTATCGT,282,7,5,4,4,4,2,2,2,2
F_TCCGAGGACTCGATGCGACGATCTGCCTCATGTC,328,4,2,2,1,1,1,1,1,1
R_CTCTCTGAACTCGTGTCTACGTCGCCGTACCGTG,297,3,2,2,2,2,2,2,2,2
R_TGCTCCCGAATTCGTACCTATGTCGCTGTACTGT,266,4,4,4,3,3,2,2,2,2
F_CCCGAATACTTGATGGCACGCTCTGGGTCATCTC,313,5,4,3,2,2,2,2,1,1
R_GGCTCTCGAATTCGTGTCTAGATCGCCGTATCGT,154,120,5,3,2,2,2,2,2,2
R_TGCTCGCGAATACGTCTCTAACTCGTCGTATCGT,287,7,4,4,3,2,2,2,2,2
R_TACTCTTGAATTCGTGGCTATGTCGCTGTAGAGT,293,6,6,4,4,3,3,3,2,2
F_TACGAGGACTCAATGAAACGACCTGTTTCATCTC,285,4,4,4,3,3,2,2,2,2
F_CTCGAGCACTTAATGGTACGTACTGGCTCAGGTC,320,3,3,2,2,2,1,1,1,1
R_TGCTCAGGAAATCGTTCCTACTTGCTGTAACGTG,260,8,6,5,4,4,3,3,3,2
R_CTCTCTGGAACACGTATCTATTTGTTGTATTGTG,277,9,5,4,3,3,3,2,2,2
R_AACTCAAGAAAACGTATCTAAATCGAAGTATAGT,121,96,44,22,17,4,3,3,2,2
R_CGCTCCGGAAAGCGTGGCTACTTCGTAGTACTGT,276,8,7,5,4,3,3,2,2,2
R_CACTCAAGAATACGTATCTATGTCGATGTACTGT,308,5,3,3,3,2,2,2,2,2
R_GGCTCCGGAACGCGTCTCTAGTTCGTCGTAGGGT,269,7,5,5,4,4,3,3,2,2
F_TGCGAGGACTCTATGAAACGCGCTGGCTCATCTC,294,3,3,3,3,3,2,2,2,2
R_GTCTCGCGAAGGCGTCGCTACATCGGCGTAAGGT,305,5,4,3,3,2,2,2,2,2
R_CGCTCTTGAACTCGTGACTATTTCGAGGTACCGT,279,5,4,4,3,3,3,3,2,2
R_TGCTCTCGAATACGTGCCTAGTTCGTGGTAATGT,268,7,6,5,4,3,3,2,2,2
R_AACTCACGAAATCGTAGCTACATCGTCGTAACGT,281,10,5,4,4,3,3,3,2,2
R_AGCTCTAGAACACGTTCCTAATTCGCTGTAGGGT,297,8,3,3,3,2,2,2,2,2
F_ACCGAGTACTTTATGAGACGTACTGGGTCATGTC,300,5,5,4,3,3,2,2,2,2
R_GTCTCGTGAATGCGTATCTATCTCGTCGTATGGT,296,11,7,4,3,2,2,2,2,2
F_GCCGAGTACTGCATGGGACGTCCTGCGTCATGTC,282,10,3,2,2,2,2,2,2,1
R_CGCTCGTGAATTCGTCCCAGTTCATGTATTGTGG,294,7,6,4,4,4,3,2,2,2
R_GTCTCAGGAACGCGTAGCTAGCTCGCGGTATGGT,291,5,3,3,3,3,2,2,2,2
R_CTCTCTTGAAGACGTGTCTACTTCGTCGTACGGT,286,7,6,3,2,2,2,2,2,2
R_ATCTCTGGAATACGTGGCTATGTCGTCGTAACGT,304,4,2,2,2,2,2,1,1,1
R_GACTCGGGAAGGCGTGCCTAAGTCGCTGTACCGT,267,11,5,4,4,3,3,2,2,2
R_ACCTCTGGAAGGCGTCTCTAGGTCGTCGTATCGT,280,4,4,4,3,3,2,2,2,2
R_AACTCAAGAAAACGTTACTATATCGGAGTAATGT,246,57,6,3,2,2,2,2,1,1
R_TCCTCCGGAATGCGTTGCTATCTCGGCGTAGCGT,293,5,5,3,3,3,3,3,2,2
R_GCCTCCTGAACTCGTGGCTACCTCGCTGTAGTGT,279,10,5,4,4,3,3,3,2,2
F_GGCGAAAACTTGATGCTACGTTCTGACTCATCTC,296,5,3,3,3,2,2,2,2,2
F_ACCGAGGACTCAATGTTACGCTCTGGTTCAGCTC,322,3,3,2,2,2,2,2,2,2
R_GGCTCCTGAAGCCGTTGCTATTTCGTTGTATGGT,278,7,5,3,3,3,3,3,3,2
R_AACTCGGGAACACGTGTCTATGTCGCCGTAGTGT,261,5,5,4,4,4,3,2,2,2
F_ACCGACAACTGCATGCGACGAACTGGGTCAGCTC,316,4,4,3,3,2,2,2,2,2
R_CTCTCAGTGAATTCGTTTCTAATTCGATGTACCG,284,8,5,5,4,4,3,2,2,2
F_CTCGAGGACTCGATGTGACGTCCTGCTTCAGCTC,320,4,4,3,3,2,2,2,2,1
R_GACTCTCGAATTCGTGGCTACCTCGCGGTATCGT,281,5,5,3,3,3,2,2,2,2
F_CACGAAGACTTCATGCCACGCGCTGCTTCATCTC,299,7,3,3,3,3,2,2,2,2
R_GGCTCCTGAATCCGTGGCTACTTCGTCGTACCGT,299,5,4,3,3,3,2,2,2,2
R_GTCTCTGGAATGCGTGCCTAGCTCGTCGTACCGT,281,5,4,3,3,3,2,2,2,2
R_CCCTCCTGAAGGCGTTACTACGTCGTCGTAACGT,293,4,3,3,3,2,2,2,2,2
R_TTCTCCGGAAGGCGTTCCTATTTCGCTGTATCGT,312,7,4,3,3,2,2,1,1,1
R_CTCTCCGGAACGCGTCCCTACTTCGCCGTAAAGT,276,6,4,3,3,2,2,2,2,2
R_AACTCAAGAAAACGTAACTAAATCGTAGTAACGT,215,30,22,7,5,5,5,3,2,2
R_TCCTCACGAATGCGTATCTACGTCGGTGTACTGT,264,4,4,4,3,3,2,2,2,2
R_AACTCTAGAAAACGTAACTAGATCGAAGTAAAGT,265,8,5,3,3,3,3,3,2,2
F_ACCGAATACTGAATGCGACGATCTGTCTCATTTC,294,3,3,3,3,2,2,2,2,2
F_GCCGACTACTCCATGGGACGGGCTGATTCATCTC,313,5,4,3,2,2,2,2,2,2
F_GCCGAGCACTCGATGTTACGCACTGCATCAGGTC,303,5,4,3,3,3,2,2,2,2
R_GTCTCTCGAAACCGTCTCTATATCGTTGTAGCGT,296,4,3,3,2,2,2,2,2,2
F_TCCGAGCACTTCATGTCACGCGCTGGCTCAACTC,299,6,4,4,3,3,2,2,2,1
R_TTCTCGCGAACCCGTCGCTACCTCGGTGTACCGT,273,5,5,4,4,3,3,2,2,2
R_AACTCAAGAAAACGTAACTAAATCGTGGTAAAGT,163,137,3,2,2,2,2,2,2,2
F_CCCGAGCACTCTATGGTACGGGCTGATTCATTTC,320,3,3,3,3,3,2,2,2,2
R_AACTCAAGAAAACGTTACTAAATCGAAGTAACGT,92,73,66,47,6,3,2,2,2,2
F_ATCGAGAACCTATGGAACGCGCTGCGTCACATCG,301,4,3,3,3,2,2,2,1,1
R_CCCTCCTGAAGCCGTCCCTATATCGGCGTATGGT,288,7,6,6,3,2,2,2,2,2
R_CGCTCCGGAAATCGTTCCTATGTCGTTGTAATGT,271,5,5,4,4,3,3,2,2,2
R_CTCTCCAGAACGCGTCACTACTTCGGCGTACCGT,271,8,5,4,4,3,3,3,2,2
R_TTCTCTTGAAGTCGTTACTACGTCGCCGTAGCGT,279,7,7,3,2,2,2,2,2,2
F_GCCGATCACTCAATGCGACGGCCTGCGTCAAGTC,294,4,2,2,2,2,2,2,1,1
R_GGCTCGTGAAGGCGTGGCTATGTCGTCGTAGCGT,282,5,4,3,3,2,2,2,2,2
R_TCCTCTGGAAACCGTGTCTAGGTCGCTGTACGTG,290,7,3,3,3,3,2,2,2,2
R_ACCTCGGGAAAGCGTTTCTACGTCGTTGTATCGT,259,5,4,4,3,3,3,3,2,2
F_CTCGAACACTTTATGCGACGGACTGGCTCATTTC,293,4,3,3,2,2,2,2,2,2
R_CACTCTGGAAGCCGTTACTAAGTCGTCGTAGCGT,278,5,5,5,4,3,2,2,2,2
R_ACCGAAGTCGTTTCTATTTCGTCGTATCGTGGTA,302,5,4,4,3,3,3,3,2,2
R_TACTCTAGAACGCGTTACTACATCGTTGTAACGT,278,10,8,5,4,3,3,3,2,2
R_TGCTCTTGAAATCGTTCCTATGTCGCAGTAGTGT,286,7,5,3,3,3,3,3,2,2
R_CCCTCGCGAACCCGTCCCTATTTCGGCGTACGGT,267,5,3,2,2,2,2,2,1,1
F_GTCGAGGACTGGGATGGGACGCGCTGTTTCGTCG,291,3,3,2,2,2,2,2,2,2
F_CTCGACGACTAGATGAGACGAGCTGTGTCAAGTC,305,4,4,3,3,2,2,2,2,1
F_TTCGACCACTGTATGGTACGCTCTGACTCATGTC,303,3,3,3,2,2,2,2,2,2
R_CGCTCCGGAATCCGTGGCTACCTCGTCGTATCGT,275,8,5,4,3,3,2,2,2,2
F_TGCGAGGACTTCATGGGACGTCCTGGATCAGCTC,284,5,3,3,3,3,2,2,2,2
R_GTCTCCGGAACTCGTCCCTACATCGCGGTACGGT,283,8,5,3,3,2,2,2,2,2
R_GACTCTGGAAGCCGTCCTAAATCGACGTAACGTG,281,4,3,3,3,2,2,2,2,2
F_GGCGACTACTCGATGCTACGTACTGAGTCAGGTC,297,4,3,3,2,2,2,2,2,2
R_GCCTCGTGAACTCGTGGCTACCTCGGGTATTGTG,302,7,6,5,4,2,2,2,2,1
R_CTCGCGAACCCGTTGCTAGATCGTGGTACCGTGG,288,8,5,4,3,2,2,2,2,2
R_GTCTCCTGAACACGTGTCTACCTCGCTGTACTGT,294,5,4,4,3,3,2,2,2,2
R_ATCTCAAGAAGACGTAACTATTTCGAAGTACAGT,296,7,5,4,4,4,3,3,2,2
R_TCCTCCTGAAGTCGTAGCTATGTCGCGGTAGTGT,291,8,5,2,2,2,2,2,2,2
R_GCCTCCCGAATCCGTGGCTAGCTCGCAGTATCGT,277,6,4,3,3,2,2,2,2,2
F_GCCGACCACTCAATGGCACGCCCTGTTTCACGTC,298,3,3,3,2,2,2,2,2,2
F_CTCGACGACTTTATGTCACGTTCTGGATCATTTC,318,4,3,3,3,2,2,2,2,2
F_GTCGATTACTGGATGGAACGGTCTGCTTCACATC,288,4,4,4,4,3,3,2,2,2
F_CCCGACTACTGCATGTTACGTGCTGAGTCATTCG,304,6,3,3,3,3,2,2,2,2
R_GACTCTGGAACACGTTCCTAAATCGTTGTATGGG,302,3,3,2,2,2,2,1,1,1
R_CCCTCGCGAATCCGTCTCTAGTTCGAGGTATCGT,271,7,4,3,3,3,2,2,2,2
F_TTCGACCACTTAATGGTCACGCACTGTTTCAACT,279,3,2,2,2,2,2,2,2,2
R_TGCTCGGGAACTCGTTCCTACGTCGGGGTACGGT,285,8,7,5,5,4,2,2,2,2
F_GGCGAGAACTGGATGGAACGTGCTGAGTCACCTC,149,137,4,3,2,2,2,2,1,1
R_TTCTCAGGAAACCGTGTCTACCTCGTCGTACTGT,302,5,4,4,3,2,2,2,2,2
F_GACGAGGACTTTATGTCACGCCCTGTCTCATCTC,296,4,4,3,3,2,2,2,2,2
F_TACGAGGCACTCTATGCGACGCACTGCTCAATTC,284,4,3,3,3,3,3,2,2,2
F_GACGATCACTCAATGCCACGCCCTGGGTCATCTC,297,6,5,2,2,2,2,1,1,1
R_AGCTCCGGAACGCGTTTCTATCTCGCTACTGTGG,289,5,3,3,3,3,3,2,2,2
R_AACTCAAGAAAACGTATCTACTTCGTTGTAATGT,277,7,6,4,4,3,3,2,2,2
F_TTCGAGAACTCGATGAAACGGTCTGTATCATGTC,310,3,3,2,2,2,2,2,2,2
R_CGCTCACGAATTCGTTGCTATCCGTCGTACTGTG,262,7,5,4,4,3,3,2,2,2
F_GACGACGACTGTATGGTACGTTCTGCTTCAAATC,271,5,3,3,2,2,2,2,2,2
F_CTCGACCACTCGATGAGACGCGCTGTTTCACCTC,316,5,3,2,2,2,1,1,1,1
F_GCCGAGCACTTGATGATACGGCCTGTGTCATCCG,241,5,3,3,3,3,2,2,2,2
R_TTCTCCTGAAGGCGTTCCTACGTCGCTGTACTGT,294,4,3,2,2,2,2,2,2,2
F_CGCGATCACTGTATGCAACGGTCTGGTTTCATTT,275,4,3,2,2,2,2,2,2,2
R_CGCTCCTGAAGTCGTTGCTATTTCGTCGTAGCGT,276,7,4,3,3,3,3,2,2,2
F_TTCGACAACTGGATGCGACGGTCTGTCTCAGTCG,300,6,4,3,3,3,2,2,2,2
R_GACTCTCGAACGCGTGGCTATGTCGGTGTAGTGT,292,9,7,4,4,3,2,2,2,2
R_GACTCTTGAATCCGTGCCTACCTCGTCGTACTGT,297,5,3,3,3,2,2,2,2,2
R_GTCTCTTGAAAACGTGACTACATCGAAGTATTGT,265,4,4,3,3,3,3,3,3,3
F_ATCGACGACTTCATGCGACGTACTGTTTCACGTC,310,4,4,3,3,3,2,2,2,2
F_TGCGATGACTAGATGTCACGACCTGGGTCATTTC,291,5,4,3,3,2,2,2,2,1
R_CTCTCCGGAATTCGTGGCTACTTCGGTGTATTGT,271,7,7,5,4,4,4,4,3,3
R_TTCTCTAGAACCCGTATCTAAATCGCCGTACGGT,266,5,4,3,3,3,2,2,2,2
R_TGCTCCGGAACACGTTTCTAGCTCGCTGTACAGT,261,5,4,4,4,3,3,2,2,2
F_CGCGAACACTCCATGTCACGTGCTGATTCAGTTC,273,5,3,3,3,3,2,2,2,2
R_TGCTCTCGAAGTCGTCCCTACTTCGACGTAGAGT,273,11,4,2,2,2,2,2,2,2
R_TTCTCGCGAATTCGTCGCTATCTCGAAGTACCGT,249,7,4,4,3,3,3,3,3,2
F_TTCGACAACTCCATGCCACGTGCTGCTTCAACTC,325,4,3,2,2,2,2,2,2,2
R_GTCTCGCGAAGCCGTTTCTACCTCGAGGTACTGT,291,8,4,4,2,2,2,2,2,2
F_TTCGACGACTTTATGTAACGCTCTGCGTCAAGTC,329,5,3,3,2,2,2,2,2,2
R_TACTCTCGAATCGTTATAGTTCGGGGTACGTGGT,269,5,4,4,3,3,3,3,3,2
R_TACTCGTGAATGCGTGCCTACGTCGCCGTAATGT,263,10,7,3,3,3,2,2,2,2
R_TCCTCTGGAAAGCGTGTCTACGTCGCCGTACCGT,279,8,4,3,3,2,2,2,2,2
F_TACGAGTACTGTATGTTACGAACTGCTTCACCTC,288,4,4,3,2,2,2,2,2,2
F_CCCGACCACTGTATGGAACGCTCTGACTCAAGTC,273,5,4,3,3,2,2,2,2,1
R_GTCTCACGAAGTCGTTGCTAGTTCGTCGTATGGT,278,7,6,4,3,3,3,3,2,2
R_GTCTCTCGAATTCGTACCTAGCTCGCCGTACAGT,281,16,8,4,4,3,3,3,3,3
R_TCCTCTGGAAACCGTCTCTAACTCGTCGTACTGT,305,4,4,4,3,2,2,2,2,1
R_TCCTCGCGAACCCGTATCTATTTCGTCGTACAGT,290,4,4,3,3,3,3,2,2,2
F_CCCGCTCACTGTATGACACGCACTGGTTCAGCTC,284,3,3,2,2,2,2,2,2,2
R_ATCTCTCGAAGTCGTTGCTAGTTCGTTGTAATGT,269,12,4,3,3,3,3,3,3,2
R_TCCTCTTGAAACCGTTACTAGGTCGCGGTATGGT,284,5,5,3,3,3,3,2,2,2
R_ATCTCGTGAATACGTGACTAGGTCGTAGTACTGT,288,5,4,3,3,2,2,2,2,2
F_GTCGATGACTCCATGTCACGGCCTGTGTCAAATC,281,6,4,3,3,2,2,2,2,2
R_ATCTCTAGAAAACGTCACTGTTCGCGGTAACGTG,293,8,5,4,3,2,2,2,2,2
F_GTCGAGAACTCCATGCCACGCGCTGTTTCATCTC,270,4,4,3,3,3,3,3,2,2
R_GCCTCCCGAATCCGTCTCTATAATGTACTGTGGT,290,6,3,3,3,2,2,2,2,1
R_GGCTCTGGAATTCGTCTCTATATCGCGGTACAGT,265,7,6,4,4,3,3,3,2,2
R_CTCTCCAGAAGGCGTAGCTATTTCGGCGTTTGTG,286,5,3,3,2,2,2,2,2,2
F_GTCGAGCACTTGATGCAACGGACTGCCTCAGTTC,305,4,4,3,3,2,2,2,2,2
R_TGCTCTAGAATCCGTCCCTACTTCGATGTAGAGT,288,5,4,4,3,2,2,2,2,2
F_AGCGAGAACTAGATGACACGACCTGTATCAACTC,293,4,3,3,2,2,2,2,2,2
R_GTCTCGAGAATTCGTGGCTATCTCGCGGTAGAGT,279,6,3,3,3,3,3,3,2,2
R_CACTCCCGAACACGTTTCTCTCGTTGTACATGGT,289,6,4,3,3,3,3,3,2,2
F_TCCGAGGACTAAATGGAACGTGCTGGGTCATCTC,289,3,3,2,2,2,2,2,2,2
R_AACTCAAGAAAACGTATCTAAATCGTTGTAAAGT,138,89,43,3,2,2,2,2,2,2
R_GGCTCCGGAACACGTGTCTAGTTCGTCGTACTGT,292,8,4,3,3,2,2,2,2,2
F_GACGATCACTCGATGATACGTCCTGCCTCAGTTC,299,4,3,3,3,2,2,2,2,2
F_CTCGAGGACTCTATGCCACGTTCTGCCTCACCTC,293,7,3,2,2,2,2,2,2,2
R_AGCTCGCGAATCCGTCGCTACGTCGCAGTAAGGT,289,8,5,4,4,3,3,2,2,2
R_TCTCGTGAAGACGTCGCTAGCTCGATGTATTGTG,278,6,5,4,4,3,3,3,2,2
F_TGCGATGACTGAATGAGACGCTCTGGTTCACTTC,297,4,3,2,2,2,2,2,2,1
F_TTCGATGACTCTATGAGACGCTCTGTGTCATGTC,304,4,2,2,2,2,1,1,1,1
F_TGCGAGGACTTCATATTCGGCCTGTCTCACTTCA,292,5,4,3,3,3,2,2,2,2
R_TCCTCCAGAATCCGTCTCTATTTCGCCGTATTGT,290,5,5,3,3,3,2,2,2,2
R_AACTCTAGAATACGTCTCTATTTCGAAGTAAAGT,286,5,4,4,3,2,2,2,2,2
F_TTCGACAACTGGATGGGACGCACTGCTTCATCTC,290,6,5,4,3,3,3,3,3,2
F_TACGATCACTTGATGCTACGTTCTGTATCATCTC,297,3,2,2,2,2,2,2,2,2
R_GTCTCGTGAAGTCGTGCCTACTTCGTTGTAATGT,292,5,4,3,3,3,3,2,2,2
F_GCCGAGGACTAGATGCGACGATCTGTCTCAGTTC,297,5,3,2,2,2,2,2,1,1
F_TGCGAGCACTTGATGATACGTGCTGCGTCACCTC,290,5,3,3,2,2,2,2,2,1
R_TTCTCCGGAAGCCGTGCCTACCTCGTAGTAGAGT,257,5,5,4,3,3,3,2,2,2
R_TGCTCGCGAATACGTATCTAGATCGCCGTACCGT,279,3,3,3,3,3,2,2,2,2
R_CTCTCCCGAACCCGTCCCTACTTCGATATAGTGG,266,5,4,3,3,3,2,2,2,2
F_CCCGAAAACTGGATGGCACGCCCTGTATCATCTC,297,7,2,2,2,2,2,2,2,2
R_TTCTCTGGAATGCGTATCTAGATCGCAGTAGCGT,278,7,6,3,3,3,2,2,2,2
F_TCCGAGGACTTAATGTGATGTCCTGCCTCATTTC,280,4,2,2,2,2,2,2,2,2
R_TTCTCCCGAATGCGTACCTATGTTCGTCGTATGG,285,5,4,3,2,2,2,2,2,2
F_CCCGATGACTGTATGTCACGCACTGCATCAAATC,295,6,3,3,3,2,2,2,2,2
R_GGCTCGGGAATACGTGCCTACTTCCCGTATAGTG,305,4,3,2,2,2,2,2,2,2
R_TCCTCGGGAATACGTTACTATGTCGCTGTAACGT,281,4,3,3,2,2,2,2,2,1
F_TCCGAGAACTCTATGGTACGTCCTGTCTCAAGTC,157,123,4,3,2,2,2,2,2,2
R_CACTCCTGAAGGCGTAGCTATGTCGCTGTATCGT,269,14,5,4,4,3,3,3,2,2
F_TACGATTACTTTATGCCACGTGCTGGTTCACCTC,294,2,2,2,2,2,2,2,2,2
R_TGCTCGGGAATCCGTGCCTACGTCGCGGTATTGT,275,7,5,3,3,3,2,2,2,2
F_TTCGAATACTGTATGCAACGCTCTGCCTCATGTC,284,7,4,3,3,3,2,2,2,2
R_GTCTCCTGAATTCGTTACTACTTCCGGTATTGTG,283,4,3,2,2,2,2,2,2,2
R_GTCTCCAGAAGCCGTAGCTAAGCGTCGTATTGTG,279,7,4,3,3,2,2,2,2,2
R_TTCTCTTGAAGGCGTAGCTAAGTCGATGTATTGT,261,5,4,3,3,2,2,2,2,2
F_ATCGACTACTAAATGGGACGCTCTGAGTCAGCTC,293,3,3,3,2,2,2,2,2,2
R_CCCTCGCGAATCCGTCTCTATCTCGCGGTACGGT,265,5,4,4,3,3,3,2,2,2
F_CGCGACGACTTTATGTTACGTGCTGGGTCATCTC,293,3,3,3,3,2,2,2,2,2
R_GCCTCCTGAACTCGTGTCTACATCGCCGTACTGT,277,3,3,3,2,2,2,2,2,2
R_CACTCTAGAAGTCGTACCTATCTCGCAGTACAGT,274,5,5,4,3,3,3,2,2,2
R_GTCTCTTGAAGTCGTACCTAGGTCGTAGTATCGT,279,5,5,4,3,3,3,3,2,2
F_TTCGATCACTTCATGGGACGCCCTGCTTCATGTC,283,6,5,4,3,2,2,2,2,2
R_TACTCTTGAAAACGTAACTAAATCGGAGTAAGGT,276,5,4,4,3,3,3,2,2,2
R_CGCTCCGGAAGCCGTTGCTAGTTCGAGGTAGTGT,265,8,4,3,3,3,3,2,2,2
R_GTCTCTCGAAATCGTGTCTACTTCGTTGTACAGT,298,8,4,3,3,2,2,2,2,2
R_GTCTCCTGAATTCGTGTCTAGCTCGCAGTAAGGT,264,12,6,4,3,3,2,2,2,2
R_GTCTCCCGAAGCCGTCGCTACATCGTTGTACAGT,269,4,2,2,2,2,2,2,2,2
R_TCCTCCTGAAGCCGTCGCTATGTCGTAGTATCGT,279,10,8,6,3,3,3,3,2,2
R_TGCTCGTGAATTCGTGGCTAGATCGGTAAAGTGG,307,4,3,2,2,2,2,2,2,2
F_TACGAAAACTGGATGGCACGCACTGGCTCAGTTC,264,6,4,3,3,2,2,2,2,2
R_CCCTCGCGAACTCGTTTCTAAGTCGTGGTAAAGT,251,14,6,5,5,4,3,2,2,2
R_GCGCTCGCGAACGCGTGTCTAGCTCGTCGTATGT,251,6,5,5,3,2,2,2,2,2
F_TCCGATTACTCGATGTTACGCCCTGGTTCAGCTC,308,3,3,3,3,2,2,2,2,1
R_CCCTCGGGAACTCGTTCCTATTTCGATGTATCGT,297,8,5,5,4,3,2,2,2,2
R_GTCTCGCGAATGCGTGCCTATATCGGTACAGTGG,263,5,4,4,4,3,3,2,2,2
R_AACTCAAGAAAACGTAACTAAATCGAAGTACAGT,115,74,40,36,5,3,3,2,2,2
R_ATCTCTTGAACGCGTCGCTATGTCGCCGTACCGT,258,8,5,4,3,3,2,2,2,2
R_GGCTCCGGAACTCGTACCTACTTCGTCGTACAGT,282,5,4,4,3,2,2,2,2,2
R_CCCTCTCGAATCCGTGTCTATGTCGTGGTATCGT,254,5,5,4,3,3,3,3,2,2
R_TCCTCTGAAGACGTCTCTACGTCGTTGTAGTGTG,276,13,5,4,3,3,3,3,2,2
R_TGCTCTGGAATTCGTCCCTACATCGTCGTATGGT,273,5,5,4,3,3,2,2,2,2
R_GCCTCTTGAACTCGTGTCTACGTCGATGTATCGT,273,6,5,5,4,4,3,3,3,2
R_CTGCTCGCGAACTCGTTGCTACATCGGGGTAACG,282,4,4,4,3,3,3,2,2,2
F_TCCGAATACTCAATGCCACGCTCTGGCTCATGTC,303,6,4,4,3,2,2,2,2,2
F_TCCGAGCACTCGATGGCACGCGCTGACTCATCTC,304,3,3,2,2,2,2,2,1,1
R_ATCTCTCGAATCCGTGCCTACCTCGTGGTACCGT,258,6,5,4,4,3,3,3,3,3
R_AACTCTGGAAGGCGTGTCTAGTTCGATGTACCGT,296,3,3,3,3,2,2,2,2,2
R_TGCTCGCGAATCCGTTTCTACTTCGTTGTTTGTG,270,5,4,3,3,3,3,2,2,2
R_CCCTCTCGAACTCGTCGCTAGTTCGCCGTACGGT,273,10,5,5,5,5,2,2,2,2
F_GACGACCACTTTATGGTACGAGCTGCATCACGTC,300,5,4,4,3,2,2,2,2,2
R_CCCTCTTGAATTCGTGCCTATCTCGTTGTAGAGT,264,6,6,4,4,4,3,2,2,2
F_CTCGATCACTCCATGGGACGCTCTGTGTCATATC,271,4,4,4,4,3,3,2,2,2
R_AACTCCTGAAAGCGTTGCTAGGTCGCAGTATCGT,266,8,7,4,3,3,3,2,2,2
R_GGCTCCAGAATTCGTATCTATCTCGCTGTAGCGT,290,4,3,3,3,2,2,2,2,2
R_GGCTCCTGAATGGTCTCTAGATCGTGTACTGTGG,267,4,3,2,2,2,2,2,2,2
F_ATCGACTACTTAATGCGACGTTCTGGCTCAGCTC,290,4,3,2,2,2,2,2,1,1
R_AACTCTAGAAAACGTGACTAGATCGTAGTAACGT,254,3,3,3,3,3,3,3,3,2
R_ATCTCCGGAAGTCGTCGCTAGTTCGCTGTAATGT,293,6,3,2,2,2,2,2,2,2
R_CTCTCAGGAACGCGTGCCTAGCTCGTCGTATCGT,239,9,4,4,4,3,3,3,2,2
F_AACGAAGACTGGATGATACGTGCTGGCTCAGCTC,277,7,5,3,3,2,2,2,2,2
F_GCCGAAGACTCCATGGTACGCACTGTTCACCTCG,309,5,3,2,2,1,1,1,1,1
R_GACTCTTGAAGCCGTGTCTAGCTCGTGGTACCGT,289,4,4,3,2,2,2,2,1,1
F_ATCGATTACTGCATGGAACTGCTTCAGGTCGGTA,297,4,4,2,2,2,2,2,2,2
F_GCCGAGCACTAGATGTTACGGTCTGGGTCATTCG,312,8,3,2,2,2,2,1,1,1
F_TCCGAGCACTTAATGGCACGTACTGCCTCATCCG,295,5,3,3,2,2,2,2,1,1
F_GCCGACCACTCGATGGTACGTTCTGATTCACCTC,287,4,3,2,2,2,2,2,2,1
R_TGCTCGGGAAGGCGTTTCTACTTCGCGGTACGGT,288,12,7,5,3,3,3,2,2,1
R_TCCTCGGGAAGGCGTCGCTATCTCGGCGTAGTGT,271,6,5,3,3,3,3,2,2,2
R_TGCTCTGGAATTCGTTTCTATCTCGAAGTAATGT,291,4,3,3,3,3,3,2,2,2
R_TCCTCTTGAATCCGTTACTATTTCGACGTATTGT,277,3,3,2,2,2,2,2,2,2
F_ACCGATTACTTCATGTCACGGACTGGGTCAGGTC,278,3,3,2,2,2,2,2,2,2
R_GTCTCCTGAACCCGTGGCTACCTCGTTGTAGTGT,297,5,4,3,3,2,2,2,2,2
R_TCCTCTCGAATACGTATCTACTTCGGAGTACTGT,277,5,4,3,2,2,2,2,1,1
R_TGCTCGCGAATTCGTCCCTATTTGTCGTATGGTG,284,8,4,3,3,2,2,2,2,2
R_GCCTCTTGAAGTCGTTTCTAGGTCACGTATTGTG,285,3,3,2,2,2,2,2,2,2
R_TACTCCGGAATTCGTTTCTACGTCGGCGTATGTG,271,7,4,4,4,4,4,4,2,2
F_CTCGACGACTCGATGCAACGTGCTGGTTCAGCTC,291,5,4,3,2,2,2,2,2,1
F_GGCGAATACTCGATGCTACGCTCTGTTTCAACTC,288,3,3,2,2,2,2,2,2,2
F_GTCGAGTACTAAATGTTACGGACTGCCTCATACG,321,7,3,3,2,2,2,2,2,2
R_GGCTCCCGAAGCCGTGGCTAACTCGCCGTACCGT,290,4,4,4,3,3,3,3,2,2
R_CGCTCCCGAATGCGTAACTACTCGTTGTACTGTG,260,7,6,5,3,3,2,2,2,2
R_TTCTCCTCGAATGCGTGTCTATTTGGCGTAGGGT,282,7,5,4,4,3,3,2,2,2
R_GTCTCTGAATGCGTCTCTATGTCGGTGTATAGTG,272,9,7,4,3,3,3,3,2,2
R_TGCTCGCGAAGTCGTCCCTACCTCGTCGTACAGT,268,9,6,4,4,3,3,3,2,2
F_GCCGAGCACTGCATGGGACGCTCTGTTTCATCTC,267,7,3,3,2,2,2,2,2,2
R_CCCTCCGGAACGCGTGTCTAGATCGCCGTATTGT,260,4,4,4,4,3,3,3,3,3
R_CCCTCTAGAACGCGTGGCTATTTCGATGTATTGT,275,8,5,5,3,3,3,2,2,2
R_GCCTCGGGAAACCGTGACTACCTCGTCGTATTGT,270,6,4,4,4,3,2,2,2,1
R_GACTCTAGAACCCGTAACTAGCTCGTTGTAGCGT,262,6,4,4,3,3,3,3,2,2
F_GTCGATAACTGTATGTTACGGTCTGGATCAAGTC,304,3,3,2,2,2,2,2,2,2
R_CGCTCTGGAAATCGTGTCTAGTTCGCTGTACGGT,267,4,4,4,3,3,2,2,2,2
F_TTCGAGTACTCGATGGAACGGGCTGCTTCAACTC,318,3,3,2,2,2,2,2,2,2
F_GTCGAGGACTCCATGCTACGGTCTGAGTCATTTC,289,2,2,2,2,2,2,2,1,1
F_GCCGATGACTCTATGTAACGGTCTGAATCACTTC,290,6,4,2,1,1,1,1,1,1
F_CGCGAGCACTCGATGTCACGACCTGGGTCAGATC,293,6,6,5,5,4,2,2,2,1
F_TTCGATCACTCGATGCTACGGCCTGGGTCACTTC,306,5,3,2,2,2,2,1,1,1
R_GGCTCTTGAACCCGTGCCTAGTCGGCGTATTGTG,267,6,5,4,4,4,3,2,2,2
R_CTCTCTGGAAGACGTAACTAATTCGATGTATGGT,277,8,6,3,3,2,2,2,2,2
R_TTCTCTTGAACGTTCCTACTCGTGTAATGTGGTA,278,8,6,3,2,2,2,2,2,2
R_CTCTCTGGAAATCCGTGGCTAGCTCGCCGTATCG,294,5,4,4,3,3,3,2,2,2
R_AACTCTAGAATGCGTAACTAATTCGTAGTAAAGT,289,5,4,4,3,3,2,2,2,2
F_TACGAGGACTTGATGTTACGCTCTGATTCATCTC,296,4,3,2,2,2,1,1,1,1
R_GGCTCTTGAAGTCGTCACTACTTCGCAGTAGTGT,262,4,4,3,3,3,3,2,2,2
R_TCCTCCGGAAGCCGTGGCTATATCGCGGTATCGT,272,6,4,4,4,3,3,2,2,2
R_AACTCCTTGAAGTCGTACCTACTTCGACGCATTG,279,7,5,4,4,3,2,2,2,1
R_GTCTCCAGAAGGCGTGCCTATTTCGACGTATGGT,279,3,3,3,2,2,2,2,2,1
R_AACTCAAGAATACGTAACTAAATCGTTGTATTGT,172,127,3,3,2,2,2,1,1,1
R_TACTCAAGAAATCGTAACTACATCGACGTAATGT,275,7,5,3,3,2,2,2,2,2
F_TTCGATCACTCCATGGTACGGACTGGGTCACGTC,286,9,3,3,2,2,2,2,2,2
R_CGCTCGCGAATCCGTGCCTAGCTCGTCGTAACGT,252,6,5,3,3,3,2,2,2,2
R_TTCTCCAGAACTCGTTTCTAGATCGTTGTAGGGT,276,6,5,4,4,4,4,3,3,2
R_TCCTCGTGAACCCGTACCTAGTTCGCGGTAAGGT,266,7,5,4,3,3,3,2,2,2
R_GTCTCCTGAAGGCGTGGCTACTCGTGGTACGGTG,282,6,3,3,3,3,3,2,2,2
R_CGCTCTTGAAGCCGTTGCTACGTCGCCGTAGTGT,266,6,5,3,3,2,2,2,2,2
R_TCCTCGTGAACCCGTCCCTAGTTCGTTGTAAGGT,280,6,5,4,3,3,3,2,2,2
F_GGCGAAGACTAGATGGTACGAGCTGTTTCAACCT,301,3,3,2,2,2,2,2,1,1
R_GTCTCTCGAATGCGTATCTATTTCGTCGTAAAGT,299,5,3,2,2,2,2,2,2,1
F_GGCGATTACTTTATGCTACGTCCTGCATCACCTC,201,29,18,16,11,9,7,5,4,3
F_TTCGAGGACTTCATGTGACGGTCTGGTTCAACTC,291,4,4,4,3,3,2,2,2,2
F_TGCGATGACTCTATGTAACGGCCTGGGTCAACTC,308,5,3,2,2,2,2,2,2,2
F_TTCGACAACTTCATGTTACGTTCTGTCTCACTTC,302,3,2,1,1,1,1,1,1,1
R_GTCTCGAGAACGCGTTGCTAGTTCGCGGTACGGT,292,7,5,3,2,2,2,2,2,2
R_TGCTCCAGAAGTCGTGGCTACCTGCAGTAGCGTG,271,5,5,3,3,2,2,2,2,2
F_TACGATAACTCGATGCAACGGGCTGGATCACGTC,277,7,2,2,2,2,2,2,1,1
R_TCCTCCTGAATCCGTTTCTATGTCGCGGTACGGT,297,4,4,4,4,3,2,2,2,2
R_TTCTCTCGAACCCGTCGCTAGCTCGTCGTAGTGT,283,5,3,3,2,2,2,1,1,1
F_CGCGACGACTGTATGCCACGCCCTGGCTCAGCTC,303,3,2,2,2,2,2,2,2,1
R_CTCTCCTGAATTCGTGCCTATTTCGGTGTAGGGT,278,4,4,3,3,2,2,2,2,2
R_CTCTCGCGAAGTCGTCCCTAGCTCGACGTATGGT,284,4,4,3,3,2,2,2,2,2
R_GTCTCTTGAAGCCGTTGCTACATCGATGTATGGT,260,7,4,3,3,3,3,3,2,2
F_GTCGATGACTCGATGGTACGCGCTGGGTCAGTTC,293,4,3,3,2,2,2,2,2,2
R_GCCTCTCTGAAGTCGTGTCTATCTCGCTGTAGCG,282,8,6,4,4,4,3,3,2,2
R_GACTCGAGAAATCGTGCCTAATTCGGAGTAAAGT,285,3,3,3,3,2,2,2,2,2
R_TACTCGCGAAACCGTCCCTAGCTCGTTGTATCGT,273,8,6,5,4,2,2,2,2,2
F_GTCGAGGACTCAATGGAACGTGCTGGGTCACCTC,268,4,3,3,3,3,2,2,2,2
R_GGCTCGGGAATTCGTGCCTATTTCGGTGTAGCGT,249,5,5,3,3,2,2,2,2,2
F_CGCGATTACTCCATGGGACGATCTGATTCACATC,291,4,3,2,2,2,2,2,1,1
R_TTCTCGTGAAGCCGTTGCTACCTCGGAGTACTGT,284,4,3,3,3,3,2,2,2,2
R_TTCTCCGGAAGGCGTGGCTAATTCGTCGTAGAGT,259,5,5,4,4,3,3,2,2,2
R_GACTCGGGAAAGCGTAACTAATTCGACGTATTGT,257,10,3,3,2,2,2,2,2,1
F_ATCGATCACTTTATGAAACGTCCTGAGTCATGTC,279,4,4,4,3,3,3,2,2,2
R_GCCTCTCGAAGTCGTCGCTAGTTCGCTGTATTGT,268,7,6,5,4,4,3,3,3,2
R_GTCTCGGGAATCCGTAGCTACGTCGAGGTATGTG,278,7,3,3,3,2,2,2,2,2
R_GCCCCCGAAGGCGTCTCTACTTCGTGGTATGGTG,279,11,5,2,2,2,2,2,2,2
R_GTCTCACGAATCCGTTGCTATTTCGTTGTACCGT,264,5,4,4,4,3,3,3,3,2
F_TGCGATGACTCCATGTTACGTTCTGATTCATGTC,281,3,3,2,2,2,2,2,2,2
R_CCCTCCTGAAGTCGTGTCTACGTCGGCGTAACGT,263,7,7,4,3,2,2,2,2,2
R_GGCTCCCGAACCCGTCCCTACCTCGCTGTATAGT,277,5,4,2,2,2,2,2,2,1
R_GTCTCCCGAACTCGTCTCTAGTTCGGGGTAGGGT,270,5,5,5,3,3,3,2,2,2
F_CTCGAGGACTGGATGATACGTTCTGCGTCACCTC,289,4,2,2,2,2,1,1,1,1
R_GTCTCCGGAAGGCGTTCCTACCTCGGTGTACCGT,264,10,4,3,3,2,2,2,2,2
F_CTCGAAGACTGCATGGCACGCGCTGCGTCACTTC,331,3,3,2,2,2,2,1,1,1
R_GCCTCAGGAAGCCGTAACTACTTCGCAGTACCGT,301,4,4,3,2,2,2,2,2,2
R_CGCTCTTGAATGCGTGACTACTTCGTGGTAATGT,273,4,4,4,3,3,2,2,2,2
F_TCCGATAACTTTATGACACGTACTGATTCAGATC,293,4,3,3,3,2,2,2,2,2
R_GGCTCCGGAAGGCGTGGCTACCTCGTTGTATAGT,175,77,5,3,3,3,3,2,2,2
R_AACTCAAGAAAACGTAACTAAATCGCTGTATAGT,278,5,3,2,2,2,2,1,1,1
F_CCCGATCACTGTATGTGACGGGCTGATTCAAGTC,310,6,3,3,2,2,2,2,2,2
R_TTCTCGTGAACCCGTATCTACGTCGTGGTATTGT,259,5,5,4,4,3,3,3,2,2
R_TTCTCTGGAAGCCGTTCCTACCTCGCCGTAGTGT,293,5,4,3,3,3,2,2,2,2
R_AACTCCCGAATGCGTTGCTAGCTCGCTGTAACGT,251,6,4,3,3,3,3,2,2,2
R_AGCTCCGGAAAACGTGCCTACGTCGTTGTAGCGT,298,6,4,3,3,3,3,2,2,2
R_CTCTCCGGAAGGCGTTACTACGTCGCCGTACTGT,272,7,7,6,5,3,3,3,2,2
F_TACGACAACTGGATGTTACGCGCTGCTTCAATCG,311,3,2,2,2,2,2,2,2,1
R_GTCTCTTGAAGTCGTCTCTACCTCGCGGTATAGT,296,4,4,4,3,3,2,2,2,1
R_ATCTCAAGAAAACGTAACTATATCGTAGTAACGT,145,131,4,3,2,2,2,2,2,2
F_GGCGATTACTTGATGTTACGGTCTGGCTCAGATC,293,4,3,3,3,2,2,2,2,2
R_GGCTCCTGAACGTCCCTATGTGTATGGTGGTACC,268,8,4,3,3,3,2,2,2,2
F_TCCAGTACTAGATGCGACGCGCTGCCTCAGGTCG,282,5,4,3,3,2,2,2,2,2
R_GTCTCCGGAATACGTGGCTACTATTCGCGGTAAC,272,8,6,5,3,3,3,3,3,2
F_TTCGAACACTGCATGGGACGGTCTGGGTCAGTTC,290,3,3,2,2,2,2,2,2,2
R_GCCTCCCTGAAAACGTCTCTAGCTCGTTGTAACG,284,4,3,3,3,2,2,1,1,1
F_GTCGAGCACTATATGCCAGCGCTGTGTCAGCTCG,305,4,3,2,2,2,2,1,1,1
R_TTCTCGCGAATCCGTTCCTATTTCGAGGACCGTG,268,4,4,4,4,3,3,2,2,2
R_GTCTCGGGAACTCGTCTCTAATTCGATGTACCGT,288,4,4,3,3,3,3,3,3,2
F_GCCGAAAACTTTATGCAACGTTCTGACTCACATC,291,5,3,3,3,2,2,2,2,2
F_CTCGACGACTTCATGTAACGCGCTGTGTCACGTC,288,4,3,3,3,3,2,2,2,2
F_GCCGATCACTGTATGAGACGTACTGTCTCATATC,296,4,4,4,3,3,2,2,2,2
R_TTCTCTTGAACCCGTGGCTATTTCGCCGTACAGT,275,7,5,4,3,2,2,2,2,2
R_ATCTCAAGAATACGTATCTAAATCGTTGTAGGTT,249,5,5,4,4,4,3,3,2,2
R_TTCTCTTGAAGTCGTTTCTAGCTCGGTGTAGGTG,254,9,6,4,3,3,3,3,2,2
R_ACCTCCGGAATTCGTGGCTAGTTCGTCGTATAGT,291,6,3,3,2,2,2,2,2,1
F_TTCGACCACTCCATGCCACGCGCTGTCTCATGTC,288,7,4,3,2,2,2,2,2,1
R_GCCTCCGGAATTCGTTGCTAACTCGCCGTACAGT,278,8,7,5,4,3,3,2,2,2
R_TCCTCTGGAACACGTTCCTAGCTCGACGTACCGT,276,4,4,3,3,2,2,2,2,2
F_TTCGAGGACTTGATGCGACGGTCTGCCTCACTTC,290,3,3,2,2,2,2,2,2,2
F_TCCGACGACTGTATGGGACGTTCTGCCTCATCTC,317,3,3,3,3,2,2,2,1,1
R_TACTCCAGAATACGTTCCTAACTCGTAGTAATGT,281,4,3,2,2,2,2,2,2,2
R_TGCTCGTGAACTCGTTTCTAACTCGTGGTACTGT,269,4,3,2,2,2,2,2,2,1
R_GCCTCCCGAAGCCGTTTCTACGTCGGCGTATGGT,279,6,5,4,4,4,3,3,3,2
R_AACTCAAGAAAACGTAACTAAATCGAAGTATTGT,102,62,48,41,3,3,2,2,2,2
R_TGCTCGCGAAGACGTGTCTATGTCGTGGTAAGGT,277,5,4,3,3,3,2,2,2,2
F_TTCGAGGACTTCATGGAACGCACTGTGTCAGTTC,287,4,3,3,3,3,2,2,2,2
F_CTCGATGACTCTATGGGACGCTGCTGTCTCAAGT,240,18,10,6,5,3,3,3,2,2
R_CCCTCAGGAATTCGTCGCTATTTCGTTGTATTGT,284,5,4,4,3,2,2,2,2,2
R_TCCTCTTGAACCCGTCGCTAGCTCGCCGTAGGGT,256,6,3,3,3,3,2,2,2,2
R_CGCTCCGGAAGGCGTCCCTATCTCGACGTACCGT,278,4,4,3,3,2,2,2,2,2
F_TACGATGACTGTATGTTACGCCCTGCATCAGTCG,292,4,4,3,3,3,3,3,3,2
F_GTCGATGACTTCATGGTACGCCCTGATTCAAATC,255,5,4,4,4,3,3,3,3,2
F_CACGAGAACTGATGCCACGTTCTGGGTCACTCGG,242,29,8,5,5,5,4,4,3,3
F_CTCGAACACTTGATGCTACGGACTGTGTCACCTC,305,4,3,2,2,2,2,2,1,1
R_GTCTCTCGAAGTCGTCTCTACGTCGCTGTACCGT,282,4,3,2,2,2,2,2,2,2
F_GGCGACTACTCGATGCCACGCACTGGTTCATGTC,286,5,4,3,2,2,2,2,2,1
R_ATCTCGTGAATTCGTTTCTATATCGTCGTAATGT,241,4,4,4,3,2,2,2,2,2
R_GCCTCTGGAATCCGTCCCTACGTCGCGGTATTGT,283,4,4,3,3,3,3,3,2,2
R_GTCTCCTGAAGACGTACCTATCTCGACGTCTGTG,260,3,3,3,3,2,2,2,2,2
R_TGCTCGTGAATCCGTACTTTTCGTTGTATGTGGT,266,10,3,3,2,2,2,2,2,2
F_GTCGAGGACTTAATGCGACGGGCTGATTCAGTTG,279,6,4,4,3,2,2,2,2,2
F_GACGAGCACTACATGCGACGGTCTGTTTCACCTC,306,4,2,2,2,2,2,2,2,2
R_CTCTCCTGAAACCGTGTCTATCTCGTCGTAATGT,269,7,4,3,3,2,2,2,2,2
R_TACTCACTGAAGCCGTCTCTAACTCGACGTACGG,287,3,3,2,2,2,2,2,2,2
R_CTCTCGGGAATTCGTACCTATCTCGTCGTATGGT,265,7,4,3,3,2,2,2,2,2
F_CACGAGGACTCTATGGTACGGCCTGCATCACCTC,267,7,3,2,2,2,2,2,2,1
R_CACTCTTGAATTCGTACCTACCTCGCTGTAGTGT,248,6,4,4,3,3,3,3,3,2
R_GTCTCAGGAAGGCGTAACTAACTCGCTGTATTGT,262,3,3,2,2,2,2,2,2,2
F_TCCGACCACTTCATGGCACGACCTGATTCAGTTC,281,4,3,3,2,2,2,2,2,2
F_GGCGACCACTTCATGTTACGTTCTGTTTCAGGTG,298,4,3,3,2,2,2,2,2,1
R_GTCTCTAGAAGCCGTCTCTATCTCGGCGTATTGT,250,10,4,4,4,3,3,3,2,2
R_TCCTCGGGAAGCCGTCCCTACTTCGCGGTATCGT,255,9,4,3,3,3,3,3,3,2
F_GTCGAGGACTTCATGTAACGCGCTGTTTCATCTC,283,7,4,3,3,3,2,2,2,2
F_GGCGACGACTTGATGTTACGCCCTGGCTCATTTC,296,4,3,3,2,2,2,2,1,1
R_ACCTCCGGAAGTCGTGTCTAGGTCGGTGTAGTGT,266,10,3,2,2,2,2,1,1,1
R_GCCTCACGAAGTCGTGGCTACTTCGCGGTAGGGT,262,7,5,5,4,3,3,3,2,2
R_CGCTCTTGAAAACGTTCCTATCTCGCTGTAGGGT,264,4,4,4,4,4,3,3,2,2
R_CTCTCGGGAATCCGTTTCTATCTCGGTGTAGGGT,242,7,6,3,3,3,3,2,2,2
R_TGCTCGCAACTCGTCCCTACATCGTCGTAACGTG,261,7,5,4,3,3,2,2,2,2
F_CACGACTACTCCATGCAGACGCACTGGTTCAGCT,297,6,3,2,2,2,2,2,2,1
R_GTCTCGCGAAATCGTGCCTACCTCGCCGTATCGT,278,9,5,5,3,3,3,3,3,2
R_TGCTCGGGAATACGTAGCTAACTCGCTGTATCGT,278,5,4,4,3,2,2,1,1,1
R_CGCTCAAGAAGTCGTATCTATCTCGCTGTATCGT,283,5,3,3,3,2,2,2,2,2
R_TCCTCTTGAACTCGTCTCTACTTCGCGGACCGTG,288,4,4,4,4,3,2,2,2,2
F_GGCGACGACTCCATGGTACGGTCTGGCTCAGCGT,281,3,2,2,2,2,1,1,1,1
F_GTCGATGACTGGATGCTACGGACTGGATCATCTC,277,6,4,2,2,2,2,2,2,2
R_CTCTCGTGAATCCGTGCCTACCTCGTTGTAACGT,295,4,3,2,2,2,2,2,2,2
F_TGCGAGCACTCGATGTTACGTGCTGCGTCAACTC,298,4,3,2,2,2,2,2,2,2
R_GTCTCGCGAAGGCGTTGCTAGTTCGTGGTATATG,247,6,5,4,4,3,3,3,2,2
F_TGCGAGGACTATATGTGACGTTCTGATTCAGCTC,252,3,3,3,2,2,2,2,2,2
R_GTCTCTAGAACGCGTGTCTAGATCGACGTACTGT,255,7,4,3,3,3,3,2,2,2
F_CCCGAGCACTCCATGGCACGCTCTGGCTCATGTC,285,3,2,2,2,2,2,2,2,2
F_CGCGAGCACTCAATGGTACGCCCTGAATCAGGTC,330,3,3,3,2,2,2,2,2,2
R_CTCTCCTGAACGCGTTCCTATGTCGGGGTATCGT,248,6,5,5,4,4,3,3,3,2
R_TGCTCTGGAAAACGTGTCTATTTCGTCGTACTTG,284,6,3,3,3,2,2,1,1,1
R_AACTCAGGATACGTTACTATTCGGAGTACGTGGT,264,11,6,4,3,3,3,2,2,2
F_CGCGAGCACTGGATGATACGTTCTGATTCATCTC,288,6,4,3,2,2,2,2,2,2
R_AGCTCGTGAACCCGTCGCTAATTCGGTGTACTGT,282,6,4,3,3,2,2,2,2,1
F_AGCGAGCACTCTATGCTACGTTCTGCATCAATTC,278,4,3,3,2,2,2,2,1,1
R_TGCTCTCGAATTCGTCCCTAGTTCGTCGTACGGT,180,91,5,3,2,2,2,2,2,2
R_CGCTCGGGAATCCGTCCCTAAATCGCCGTACTGT,272,5,3,3,3,2,2,2,2,2
R_GTCTCGAGAAGCCGTGCCTAGGTCGCGGTAGAGT,277,5,4,4,3,2,2,2,2,2
F_GTCGATGACTATATGAGACGTTCTGTATCATCTC,291,4,3,3,3,2,2,2,2,2
R_TGCTCAAGAACTCGTGTCTACCTCGTCGTACCGT,298,5,4,3,3,2,2,2,2,2
R_TACTCCTGAACGCGTCGCTACCTCGTTGTAGTGT,272,4,4,3,3,2,2,2,1,1
F_TACGATGACTTCATGCGACGCACTGGCTATCTCG,323,5,4,4,3,2,2,2,2,1
R_TGCTCGGGAAGGCGTGTCTAAGTCGGTGTCTGTG,269,5,3,3,2,2,2,1,1,1
F_ATCGACCACTGTATGCTACGTTCTGTCTCAAATC,288,5,2,2,2,2,1,1,1,1
R_AACTCTTGAAGTCGTATCTATGTCGTTGTATCGT,274,7,3,3,3,2,2,2,2,2
F_GTCGAGGACTAGATGGAACGCCCTGCCTCACATC,252,9,3,3,3,3,3,2,2,2
F_GACGAGGACTGTATGTTACGGACTGCGTCATGTC,278,4,3,3,3,2,2,2,2,2
F_TGCGAAGACTTCATGTAACGGCCTGTTTCATTTC,273,8,4,2,2,2,1,1,1,1
R_GGCTCCCGAAACCGTGACTACGTCGGGGTACCGT,272,6,4,4,4,3,3,2,2,2
R_CCCTCGCGAACTCGTTACTAACTCGTGGTAGGTG,299,6,4,3,3,3,2,2,2,2
F_TTCGAATACTCCATGCAACGGTCTGGTTACGTCG,300,7,5,3,3,2,2,2,2,1
F_CTCGAACACTTCGATGCGACGCTCTGCATCATAT,270,5,4,3,3,2,2,2,2,2
