,F_AACGAATACTGTATGAAACGACCTGAATCACTTC,F_GTCGAGCACTGCATGTTACGGGCTGTTTCAATTC,F_CCCGACGACTGGATGGGACGTTCTGGGTCATATC,F_CTCGAGCACTTAATGTGACGTGCTGGCTCACGCG,F_CCCGACGACTGCATGGGACGCTCTGCGTCATCTC,F_TCCGATTATTATGCTACGACCTGGGTCAACTCGG,F_GGCGATAACTGGATGGTACGGCCTGCCTCATCTC,F_CACGACTACTGAATGCGACGTCCTGGATCACGTC,F_TACGAAAACTAAATGCAACGGCCTGCGTCATTTC,F_CGCGACTACTTGATGCGACGCCCTGGGTCATTTC,F_GACGAACACTGTATGCTACGCGCTGGTTCACCTC,F_GCCGATTACTTCATGGGACGTCCTGTCTCAAGTC,F_GTCGATCACTTGATGCTACGCACTGTTTCATCTC,F_TTCGACTACTCGATGACACGACCTGGTTCATTCG,F_TTCGACCACTTCATGCGACGTTCTGTTTCACGTC,F_GGCGATTACTCTATGACGTTCTGTTTCATCTCGG,F_TACGACGACTCATATGGTACGCTCTGGGTCACAT,F_TCCGAGGACTGTATGCCACGGCCTGTTTCACGTC,F_GCCGAGAACTGCATGCAACGCGCTGACTCATATC,F_GTCGAGGACTCCATGACACGTGCTGTCTCAGGTC,F_TGCGACGACTTCATGTCACGCTCTGTTTCAGATC,F_CGCGAAGACTACATGCCACGCGCTGGATCAGTTC,F_TCCGACTACTCGATGGCACGTCCTGCCTCATGTC,F_TGCGAGAACTCGATGAAACGGTCTGGATCACCTC,F_CTCGACGACTGAATGCCACGCTCTGATTCATCTC,F_CCCGAACACTTAATGTTACGGCCTGCCTCAGATC,F_CCCGAAGACTGGATGCGACGGACTGGCTCATGTC,F_ACCGACCACTTTATGTTACGCGCTGGGTCATCTC,F_CTCGATCACTGTATGCGACGATCTGTTTCACTTC,F_GACGATCACTGGATGTGACGTCCTGGGTCAGATC,F_TCCGATGACTTTATGGGACGACCTGGCTCAGCTC,F_ATCGATGACTTTATGTAACGCGCTGCTTCAAATC,F_TGCGAAAACTCTATGCCACGGGCTGGCTCACGTC,F_CTCCGATCACTTGATGGCACGTGCTGTTTCACAT,F_GGCGAGCACTAAATGACACGTTCTGGTTCATGTC,F_TACGAGGACTTCATGGGACGGTCTGCATCACATC,F_GTCGAACACTGTATGCGACGGGCTGGCTCATTTC,F_TCCGAGTACTCTATGAAACGTCCTGCGTCACGTC,F_CCCGAAGACTGCATGCGACGACCTGTCCTCAGTT,F_CGCGAGTACTTAATGCGACGTCCTGGGTCAGGTC,F_TCCGAAAACTCGATGGTACGAACTGGCTCACGTC,F_GTCGAGGACTTTATGTCACGCGCTGCGTCACCTC,F_TACGAAAACTGTATGTTACGTGCTGTCTCAGTTC,F_TGCGACTACTGTATGGGACGAGCTGCGTCACGTC,F_GGCGACCACTGGATGATACGGGCTGTTTCACCTC,F_TTCGACGACTGTATGCCACGGACTGTCTCACTTC,F_ATCGAAGACTTGATGCGACGGTCTGCCTCAACTC,F_GTCGAGCACTGCATGCAACGAGCTGCGTCACTTC,F_TACGATCACTTCATGCTACGGCCTGAGTCATCTC,F_CACGAACACTCAGATGAAACGTACTGATTCATTT
F_AACGAATACTGTATGAAACGACCTGAATCACTTC,0,12,13,15,13,13,12,8,9,11,9,12,14,10,13,14,13,10,11,13,14,11,12,10,12,12,12,12,9,11,11,11,11,15,13,11,10,8,11,12,11,12,9,9,11,10,12,9,11,10
F_GTCGAGCACTGCATGTTACGGGCTGTTTCAATTC,12,0,13,11,12,15,10,13,12,13,8,10,8,12,9,13,15,9,9,8,10,11,14,12,11,10,12,10,8,10,14,9,12,11,10,11,7,13,12,13,13,9,8,12,6,9,11,6,10,13
F_CCCGACGACTGGATGGGACGTTCTGGGTCATATC,13,13,0,12,4,14,10,8,12,7,12,10,12,11,10,13,9,11,10,12,10,11,8,11,8,11,6,9,10,7,9,12,13,10,10,9,10,11,11,9,10,12,12,9,11,11,10,12,12,12
F_CTCGAGCACTTAATGTGACGTGCTGGCTCACGCG,15,11,12,0,13,14,14,9,15,12,12,11,12,12,9,14,14,13,13,10,14,13,13,13,12,10,11,10,11,11,11,12,11,10,10,12,10,12,13,8,12,10,12,12,13,13,11,11,13,13
F_CCCGACGACTGCATGGGACGCTCTGCGTCATCTC,13,12,4,13,0,14,9,10,11,8,11,10,11,13,10,13,10,11,9,12,9,10,9,12,6,11,8,8,10,11,9,11,14,13,12,8,11,11,9,11,12,9,13,8,11,11,9,10,10,14
F_TCCGATTATTATGCTACGACCTGGGTCAACTCGG,13,15,14,14,14,0,13,13,13,11,12,11,12,11,14,11,14,12,15,17,15,15,13,14,15,13,14,11,13,13,9,14,13,15,16,15,14,11,14,11,12,14,14,12,15,14,13,14,9,19
F_GGCGATAACTGGATGGTACGGCCTGCCTCATCTC,12,10,10,14,9,13,0,12,9,10,10,9,8,12,14,11,14,11,9,12,13,13,8,9,11,9,9,11,12,9,9,12,10,13,11,11,9,12,12,12,9,11,10,10,7,11,9,11,8,14
F_CACGACTACTGAATGCGACGTCCTGGATCACGTC,8,13,8,9,10,13,12,0,10,7,9,9,13,11,8,14,11,9,12,12,13,10,9,11,9,11,8,12,9,8,11,14,10,13,10,10,10,9,10,5,11,13,11,8,11,10,12,11,11,12
F_TACGAAAACTAAATGCAACGGCCTGCGTCATTTC,9,12,12,15,11,13,9,10,0,9,11,13,12,12,12,15,12,10,10,14,13,10,10,10,11,9,10,12,12,11,12,12,9,15,11,10,9,9,11,10,11,12,9,11,13,10,10,9,7,10
F_CGCGACTACTTGATGCGACGCCCTGGGTCATTTC,11,13,7,12,8,11,10,7,9,0,11,10,9,9,10,13,12,12,11,14,10,8,9,11,9,11,8,8,10,9,10,12,11,13,11,12,9,11,11,5,12,11,13,9,11,11,10,11,9,12
F_GACGAACACTGTATGCTACGCGCTGGTTCACCTC,9,8,12,12,11,12,10,9,11,11,0,13,7,13,10,12,10,9,9,12,12,9,14,11,9,11,10,7,8,9,11,10,8,12,10,12,6,12,13,12,10,8,8,10,6,10,11,8,9,12
F_GCCGATTACTTCATGGGACGTCCTGTCTCAAGTC,12,10,10,11,10,11,9,9,13,10,13,0,10,13,8,11,15,10,10,8,11,13,7,14,14,10,10,12,11,9,7,11,12,10,11,10,11,9,9,8,10,12,11,10,12,12,10,12,10,15
F_GTCGATCACTTGATGCTACGCACTGTTTCATCTC,14,8,12,12,11,12,8,13,12,9,7,10,0,11,8,10,14,11,10,11,10,12,12,12,8,11,10,8,8,10,11,9,13,9,10,13,9,14,14,12,11,9,12,14,7,10,9,10,7,11
F_TTCGACTACTCGATGACACGACCTGGTTCATTCG,10,12,11,12,13,11,12,11,12,9,13,13,11,0,11,11,13,11,14,11,11,12,7,10,10,14,12,12,11,12,11,13,11,13,10,14,12,10,14,12,10,13,13,11,11,10,13,12,12,11
F_TTCGACCACTTCATGCGACGTTCTGTTTCACGTC,13,9,10,9,10,14,14,8,12,10,10,8,8,11,0,12,12,8,12,9,7,12,10,11,9,12,11,11,6,11,11,11,10,9,9,8,10,10,11,9,11,11,11,9,9,8,9,9,9,13
F_GGCGATTACTCTATGACGTTCTGTTTCATCTCGG,14,13,13,14,13,11,11,14,15,13,12,11,10,11,12,0,15,13,14,12,12,15,12,12,12,16,15,13,11,13,13,13,13,14,10,15,13,12,17,13,15,13,13,13,11,14,14,15,13,14
F_TACGACGACTCATATGGTACGCTCTGGGTCACAT,13,15,9,14,10,14,14,11,12,12,10,15,14,13,12,15,0,12,14,14,10,12,12,11,11,13,14,10,13,12,11,12,11,12,13,9,14,11,15,13,10,11,12,10,13,11,14,14,12,12
F_TCCGAGGACTGTATGCCACGGCCTGTTTCACGTC,10,9,11,13,11,12,11,9,10,12,9,10,11,11,8,13,12,0,10,9,9,11,9,10,9,11,8,12,8,12,9,11,7,10,10,9,10,7,9,10,10,9,10,9,9,5,11,10,10,15
F_GCCGAGAACTGCATGCAACGCGCTGACTCATATC,11,9,10,13,9,15,9,12,10,11,9,10,10,14,12,14,14,10,0,9,11,10,11,11,9,11,9,10,12,11,12,10,10,13,11,11,8,11,11,12,11,10,10,12,11,11,12,7,10,13
F_GTCGAGGACTCCATGACACGTGCTGTCTCAGGTC,13,8,12,10,12,17,12,12,14,14,12,8,11,11,9,12,14,9,9,0,9,9,9,11,11,12,11,13,12,11,11,11,9,11,8,11,10,9,11,10,11,8,9,12,10,9,11,9,13,13
F_TGCGACGACTTCATGTCACGCTCTGTTTCAGATC,14,10,10,14,9,15,13,13,13,10,12,11,10,11,7,12,10,9,11,9,0,8,11,11,8,10,13,10,11,11,10,8,11,10,10,8,14,13,12,11,13,9,10,11,10,9,11,13,11,15
F_CGCGAAGACTACATGCCACGCGCTGGATCAGTTC,11,11,11,13,10,15,13,10,10,8,9,13,12,12,12,15,12,11,10,9,8,0,13,11,9,11,9,11,11,12,11,11,8,13,10,11,9,14,9,9,12,10,10,12,12,10,11,10,12,12
F_TCCGACTACTCGATGGCACGTCCTGCCTCATGTC,12,14,8,13,9,13,8,9,10,9,14,7,12,7,10,12,12,9,11,9,11,13,0,11,11,10,9,11,14,11,9,13,9,10,10,11,12,6,11,10,7,12,11,8,12,10,11,13,11,12
F_TGCGAGAACTCGATGAAACGGTCTGGATCACCTC,10,12,11,13,12,14,9,11,10,11,11,14,12,10,11,12,11,10,11,11,11,11,11,0,12,13,11,12,12,12,11,13,7,13,9,8,12,8,16,11,8,11,12,11,8,11,10,11,11,12
F_CTCGACGACTGAATGCCACGCTCTGATTCATCTC,12,11,8,12,6,15,11,9,11,9,9,14,8,10,9,12,11,9,9,11,8,9,11,12,0,12,9,10,8,13,12,10,12,12,9,12,10,14,12,11,14,9,13,12,10,8,9,11,10,11
F_CCCGAACACTTAATGTTACGGCCTGCCTCAGATC,12,10,11,10,11,13,9,11,9,11,11,10,11,14,12,16,13,11,11,12,10,11,10,13,12,0,9,9,12,9,9,10,11,11,12,10,10,11,9,9,10,11,9,13,11,12,9,12,9,12
F_CCCGAAGACTGGATGCGACGGACTGGCTCATGTC,12,12,6,11,8,14,9,8,10,8,10,10,10,12,11,15,14,8,9,11,13,9,9,11,9,9,0,11,10,10,9,13,8,13,11,11,6,12,7,9,7,13,11,11,11,8,7,12,11,11
F_ACCGACCACTTTATGTTACGCGCTGGGTCATCTC,12,10,9,10,8,11,11,12,12,8,7,12,8,12,11,13,10,12,10,13,10,11,11,12,10,9,11,0,12,10,9,8,11,12,11,13,9,11,15,11,11,7,10,10,9,12,11,11,8,14
F_CTCGATCACTGTATGCGACGATCTGTTTCACTTC,9,8,10,11,10,13,12,9,12,10,8,11,8,11,6,11,13,8,12,12,11,11,14,12,8,12,10,12,0,10,10,10,11,9,11,11,7,12,9,11,12,11,10,9,9,7,10,7,11,12
F_GACGATCACTGGATGTGACGTCCTGGGTCAGATC,11,10,7,11,11,13,9,8,11,9,9,9,10,12,11,13,12,12,11,11,11,12,11,12,13,9,10,10,10,0,9,11,13,11,10,11,9,11,12,8,12,11,9,11,10,13,12,10,9,12
F_TCCGATGACTTTATGGGACGACCTGGCTCAGCTC,11,14,9,11,9,9,9,11,12,10,11,7,11,11,11,13,11,9,12,11,10,11,9,11,12,9,9,9,10,9,0,10,10,11,13,9,10,10,9,9,8,10,10,9,13,10,9,13,9,16
F_ATCGATGACTTTATGTAACGCGCTGCTTCAAATC,11,9,12,12,11,14,12,14,12,12,10,11,9,13,11,13,12,11,10,11,8,11,13,13,10,10,13,8,10,11,10,0,12,10,13,10,11,11,14,13,14,6,11,11,12,11,8,10,12,14
F_TGCGAAAACTCTATGCCACGGGCTGGCTCACGTC,11,12,13,11,14,13,10,10,9,11,8,12,13,11,10,13,11,7,10,9,11,8,9,7,12,11,8,11,11,13,10,12,0,12,10,11,7,9,12,10,6,10,8,8,10,7,10,11,11,14
F_CTCCGATCACTTGATGGCACGTGCTGTTTCACAT,15,11,10,10,13,15,13,13,15,13,12,10,9,13,9,14,12,10,13,11,10,13,10,13,12,11,13,12,9,11,11,10,12,0,12,11,13,12,13,13,11,11,12,12,10,12,13,12,12,11
F_GGCGAGCACTAAATGACACGTTCTGGTTCATGTC,13,10,10,10,12,16,11,10,11,11,10,11,10,10,9,10,13,10,11,8,10,10,10,9,9,12,11,11,11,10,13,13,10,12,0,12,10,10,15,8,12,11,13,12,9,13,13,11,12,10
F_TACGAGGACTTCATGGGACGGTCTGCATCACATC,11,11,9,12,8,15,11,10,10,12,12,10,13,14,8,15,9,9,11,11,8,11,11,8,12,10,11,13,11,11,9,10,11,11,12,0,12,10,12,11,11,9,12,9,12,10,8,10,9,15
F_GTCGAACACTGTATGCGACGGGCTGGCTCATTTC,10,7,10,10,11,14,9,10,9,9,6,11,9,12,10,13,14,10,8,10,14,9,12,12,10,10,6,9,7,9,10,11,7,13,10,12,0,13,10,11,11,10,8,10,9,7,8,7,10,12
F_TCCGAGTACTCTATGAAACGTCCTGCGTCACGTC,8,13,11,12,11,11,12,9,9,11,12,9,14,10,10,12,11,7,11,9,13,14,6,8,14,11,12,11,12,11,10,11,9,12,10,10,13,0,12,8,9,9,11,7,12,11,13,9,11,12
F_CCCGAAGACTGCATGCGACGACCTGTCCTCAGTT,11,12,11,13,9,14,12,10,11,11,13,9,14,14,11,17,15,9,11,11,12,9,11,16,12,9,7,15,9,12,9,14,12,13,15,12,10,12,0,11,11,14,10,11,14,10,10,10,13,13
F_CGCGAGTACTTAATGCGACGTCCTGGGTCAGGTC,12,13,9,8,11,11,12,5,10,5,12,8,12,12,9,13,13,10,12,10,11,9,10,11,11,9,9,11,11,8,9,13,10,13,8,11,11,8,11,0,12,11,12,9,13,13,11,11,10,13
F_TCCGAAAACTCGATGGTACGAACTGGCTCACGTC,11,13,10,12,12,12,9,11,11,12,10,10,11,10,11,15,10,10,11,11,13,12,7,8,14,10,7,11,12,12,8,14,6,11,12,11,11,9,11,12,0,13,9,9,11,10,11,12,12,12
F_GTCGAGGACTTTATGTCACGCGCTGCGTCACCTC,12,9,12,10,9,14,11,13,12,11,8,12,9,13,11,13,11,9,10,8,9,10,12,11,9,11,13,7,11,11,10,6,10,11,11,9,10,9,14,11,13,0,11,9,10,9,9,7,11,16
F_TACGAAAACTGTATGTTACGTGCTGTCTCAGTTC,9,8,12,12,13,14,10,11,9,13,8,11,12,13,11,13,12,10,10,9,10,10,11,12,13,9,11,10,10,9,10,11,8,12,13,12,8,11,10,12,9,11,0,10,10,8,12,11,11,12
F_TGCGACTACTGTATGGGACGAGCTGCGTCACGTC,9,12,9,12,8,12,10,8,11,9,10,10,14,11,9,13,10,9,12,12,11,12,8,11,12,13,11,10,9,11,9,11,8,12,12,9,10,7,11,9,9,9,10,0,9,9,12,8,12,16
F_GGCGACCACTGGATGATACGGGCTGTTTCACCTC,11,6,11,13,11,15,7,11,13,11,6,12,7,11,9,11,13,9,11,10,10,12,12,8,10,11,11,9,9,10,13,12,10,10,9,12,9,12,14,13,11,10,10,9,0,9,11,9,10,12
F_TTCGACGACTGTATGCCACGGACTGTCTCACTTC,10,9,11,13,11,14,11,10,10,11,10,12,10,10,8,14,11,5,11,9,9,10,10,11,8,12,8,12,7,13,10,11,7,12,13,10,7,11,10,13,10,9,8,9,9,0,9,9,11,14
F_ATCGAAGACTTGATGCGACGGTCTGCCTCAACTC,12,11,10,11,9,13,9,12,10,10,11,10,9,13,9,14,14,11,12,11,11,11,11,10,9,9,7,11,10,12,9,8,10,13,13,8,8,13,10,11,11,9,12,12,11,9,0,11,10,14
F_GTCGAGCACTGCATGCAACGAGCTGCGTCACTTC,9,6,12,11,10,14,11,11,9,11,8,12,10,12,9,15,14,10,7,9,13,10,13,11,11,12,12,11,7,10,13,10,11,12,11,10,7,9,10,11,12,7,11,8,9,9,11,0,10,13
F_TACGATCACTTCATGCTACGGCCTGAGTCATCTC,11,10,12,13,10,9,8,11,7,9,9,10,7,12,9,13,12,10,10,13,11,12,11,11,10,9,11,8,11,9,9,12,11,12,12,9,10,11,13,10,12,11,11,12,10,11,10,10,0,12
F_CACGAACACTCAGATGAAACGTACTGATTCATTT,10,13,12,13,14,19,14,12,10,12,12,15,11,11,13,14,12,15,13,13,15,12,12,12,11,12,11,14,12,12,16,14,14,11,10,15,12,12,13,13,12,16,12,16,12,14,14,13,12,0
