,R_AACTCAAGAAAACGTAACTAAATCGAAGTAAAGT,R_AACTCAAGAAAACGTAACTAAATCGAAGTAATGT,R_AACTCAAGAAAACGTAACTAAATCGATGTAAAGT,R_AACTCAAGAAAACGTAACTAAATCGAAGTATAGT,R_TACTCAAGAAAACGTAACTAAATCGAAGTAAAGT,R_AACTCAAGAAAACGTAACTAAATCGAAGTATGGT,R_AACTCAAGAAAACGTAACTAAATCGTAGTAAAGT,R_AACTCTAGAAAACGTAACTAAATCGAAGTACAGT,R_AACTCAAGAATACGTAGCTAAATCGAAGTAATGT,R_AACTCAAGAATACGTAACTAAATCGAAGTAAAGT,R_AACTCAAGAAAACGTAACTAAATCGAAGTAGAGT,R_TACTCAAGAATACGTTACTAAATCGTAGTAAAGT,R_AACTCAAGAATACGTTACTAAATCGAAGTATTGT,R_AACTCAAGAAATCGTAACTAAATCGTAGTAAAGT,R_AACTCAAGAAATCGTAACTAAATCGAAGTAAAGT,R_AACTCAAGAAAACGTATCTAAATCGAAGTAAGGT,R_TACTCTAGAAAACGTAACTAAATCGAAGTAATGT,R_TACTCTAGAAAACGTAACTAAATCGATGTAAGGT,R_AACTCAAGAACTCGTAACTAATTCGCTGTACAGT,R_AACTCAAGAATACGTAACTAAATCGTAGTAAAGT,R_AACTCAAGAAAACGTAACTAAATCGACGTATAGT,R_ATCTCAAGAAAACGTAACTAAATCGAAGTAAAGT
R_AACTCAAGAAAACGTAACTAAATCGAAGTAAAGT,0,1,1,1,1,2,1,2,3,1,1,4,4,2,1,2,3,4,6,2,2,1
R_AACTCAAGAAAACGTAACTAAATCGAAGTAATGT,1,0,2,2,2,2,2,3,2,2,2,5,3,3,2,2,2,4,7,3,3,2
R_AACTCAAGAAAACGTAACTAAATCGATGTAAAGT,1,2,0,2,2,3,2,3,4,2,2,5,5,3,2,3,4,3,5,3,2,2
R_AACTCAAGAAAACGTAACTAAATCGAAGTATAGT,1,2,2,0,2,1,2,2,4,2,1,5,3,3,2,3,4,5,6,3,1,2
R_TACTCAAGAAAACGTAACTAAATCGAAGTAAAGT,1,2,2,2,0,3,2,3,4,2,2,3,5,3,2,3,2,3,7,3,3,2
R_AACTCAAGAAAACGTAACTAAATCGAAGTATGGT,2,2,3,1,3,0,3,3,4,3,2,6,3,4,3,2,4,4,7,4,2,3
R_AACTCAAGAAAACGTAACTAAATCGTAGTAAAGT,1,2,2,2,2,3,0,3,4,2,2,3,5,1,2,3,4,5,6,1,3,2
R_AACTCTAGAAAACGTAACTAAATCGAAGTACAGT,2,3,3,2,3,3,3,0,5,3,2,6,5,4,3,4,3,4,6,4,3,3
R_AACTCAAGAATACGTAGCTAAATCGAAGTAATGT,3,2,4,4,4,4,4,5,0,2,4,5,3,5,4,3,4,6,8,3,5,4
R_AACTCAAGAATACGTAACTAAATCGAAGTAAAGT,1,2,2,2,2,3,2,3,2,0,2,3,3,3,2,3,4,5,6,1,3,2
R_AACTCAAGAAAACGTAACTAAATCGAAGTAGAGT,1,2,2,1,2,2,2,2,4,2,0,5,4,3,2,3,4,5,6,3,2,2
R_TACTCAAGAATACGTTACTAAATCGTAGTAAAGT,4,5,5,5,3,6,3,6,5,3,5,0,4,4,5,6,5,6,8,2,6,5
R_AACTCAAGAATACGTTACTAAATCGAAGTATTGT,4,3,5,3,5,3,5,5,3,3,4,4,0,6,5,5,5,7,8,4,4,5
R_AACTCAAGAAATCGTAACTAAATCGTAGTAAAGT,2,3,3,3,3,4,1,4,5,3,3,4,6,0,1,4,5,6,5,2,4,3
R_AACTCAAGAAATCGTAACTAAATCGAAGTAAAGT,1,2,2,2,2,3,2,3,4,2,2,5,5,1,0,3,4,5,5,3,3,2
R_AACTCAAGAAAACGTATCTAAATCGAAGTAAGGT,2,2,3,3,3,2,3,4,3,3,3,6,5,4,3,0,4,4,8,4,4,3
R_TACTCTAGAAAACGTAACTAAATCGAAGTAATGT,3,2,4,4,2,4,4,3,4,4,4,5,5,5,4,4,0,2,9,5,5,4
R_TACTCTAGAAAACGTAACTAAATCGATGTAAGGT,4,4,3,5,3,4,5,4,6,5,5,6,7,6,5,4,2,0,8,6,5,5
R_AACTCAAGAACTCGTAACTAATTCGCTGTACAGT,6,7,5,6,7,7,6,6,8,6,6,8,8,5,5,8,9,8,0,6,6,7
R_AACTCAAGAATACGTAACTAAATCGTAGTAAAGT,2,3,3,3,3,4,1,4,3,1,3,2,4,2,3,4,5,6,6,0,4,3
R_AACTCAAGAAAACGTAACTAAATCGACGTATAGT,2,3,2,1,3,2,3,3,5,3,2,6,4,4,3,4,5,5,6,4,0,3
R_ATCTCAAGAAAACGTAACTAAATCGAAGTAAAGT,1,2,2,2,2,3,2,3,4,2,2,5,5,3,2,3,4,5,7,3,3,0
